{"level":"INFO","message":"[5:48:01.674 PM]: Creating new connection object"}
{"level":"INFO","message":"[5:48:01.802 PM]: Creating Connection[id: 4800ce86-74bf-455a-81d3-051015ab00f6] with host: ik70694.uk-south.azure.snowflakecomputing.com, account: ik70694, accessUrl: https://ik70694.uk-south.azure.snowflakecomputing.com, user: DATAOPS_SOLE_ADMIN, role: undefined, database: APP_BACKEND_PROD, schema: COLLECTION, warehouse: COMPUTE_WH, proxy was not configured, password is not provided, region: uk-south.azure, authenticator: SNOWFLAKE_JWT, ocsp mode: FAIL_OPEN, os: win32, os version: 10.0.26200"}
{"level":"INFO","message":"[5:48:01.804 PM]: Connection[id: 4800ce86-74bf-455a-81d3-051015ab00f6] additional details: passcode in password is provided, passcode is not provided, private key is provided, application: undefined, client name: snowflake-sdk, client version: 2.4.0, retry timeout: 300, private key path: undefined, private key pass is not provided, client store temporary credential: false, browser response timeout: 120000"}
{"level":"INFO","message":"[5:48:01.806 PM]: Connection[id: 4800ce86-74bf-455a-81d3-051015ab00f6] - connection object created successfully."}
{"level":"INFO","message":"[5:48:01.808 PM]: Connection[id: 4800ce86-74bf-455a-81d3-051015ab00f6] - async connecting. Associated Snowflake domain: GLOBAL"}
{"level":"INFO","message":"[5:48:01.809 PM]: Trying to initialize Easy Logging"}
{"level":"INFO","message":"[5:48:01.821 PM]: No client config detected."}
{"level":"INFO","message":"[5:48:01.822 PM]: No config file path found. Client config will not be used."}
{"level":"INFO","message":"[5:48:01.824 PM]: Easy Logging is disabled as no config has been found"}
{"level":"INFO","message":"[5:48:01.839 PM]: Connection[id: 4800ce86-74bf-455a-81d3-051015ab00f6] - authentication successful using: SNOWFLAKE_JWT"}
{"level":"ERROR","message":"[5:48:03.180 PM]: Connection[id: 4800ce86-74bf-455a-81d3-051015ab00f6] - connection failed after 1372.91 milliseconds. Error: JWT token is invalid. [1579da45-afce-4f80-8213-3717b5ee361e]"}
{"level":"INFO","message":"[5:48:03.206 PM]: Creating new connection object"}
{"level":"INFO","message":"[5:48:03.207 PM]: Creating Connection[id: 0211d810-39ab-4491-9725-8d1a0baa734e] with host: ik70694.uk-south.azure.snowflakecomputing.com, account: ik70694, accessUrl: https://ik70694.uk-south.azure.snowflakecomputing.com, user: DATAOPS_SOLE_ADMIN, role: undefined, database: APP_BACKEND_PROD, schema: COLLECTION, warehouse: COMPUTE_WH, proxy was not configured, password is not provided, region: uk-south.azure, authenticator: SNOWFLAKE_JWT, ocsp mode: FAIL_OPEN, os: win32, os version: 10.0.26200"}
{"level":"INFO","message":"[5:48:03.208 PM]: Connection[id: 0211d810-39ab-4491-9725-8d1a0baa734e] additional details: passcode in password is provided, passcode is not provided, private key is provided, application: undefined, client name: snowflake-sdk, client version: 2.4.0, retry timeout: 300, private key path: undefined, private key pass is not provided, client store temporary credential: false, browser response timeout: 120000"}
{"level":"INFO","message":"[5:48:03.208 PM]: Connection[id: 0211d810-39ab-4491-9725-8d1a0baa734e] - connection object created successfully."}
{"level":"INFO","message":"[5:48:03.209 PM]: Connection[id: 0211d810-39ab-4491-9725-8d1a0baa734e] - async connecting. Associated Snowflake domain: GLOBAL"}
{"level":"INFO","message":"[5:48:03.215 PM]: Connection[id: 0211d810-39ab-4491-9725-8d1a0baa734e] - authentication successful using: SNOWFLAKE_JWT"}
{"level":"ERROR","message":"[5:48:03.276 PM]: Connection[id: 0211d810-39ab-4491-9725-8d1a0baa734e] - connection failed after 66.78 milliseconds. Error: JWT token is invalid. [6212f9c0-7fcd-4815-a673-b687861000e0]"}
{"level":"INFO","message":"[5:48:58.897 PM]: Creating new connection object"}
{"level":"INFO","message":"[5:48:58.900 PM]: Creating Connection[id: 7a014425-59d2-4287-a551-42a692ed6ada] with host: ik70694.uk-south.azure.snowflakecomputing.com, account: ik70694, accessUrl: https://ik70694.uk-south.azure.snowflakecomputing.com, user: FEEDBACK_SVC, role: undefined, database: APP_BACKEND_PROD, schema: COLLECTION, warehouse: COMPUTE_WH, proxy was not configured, password is not provided, region: uk-south.azure, authenticator: SNOWFLAKE_JWT, ocsp mode: FAIL_OPEN, os: win32, os version: 10.0.26200"}
{"level":"INFO","message":"[5:48:58.901 PM]: Connection[id: 7a014425-59d2-4287-a551-42a692ed6ada] additional details: passcode in password is provided, passcode is not provided, private key is provided, application: undefined, client name: snowflake-sdk, client version: 2.4.0, retry timeout: 300, private key path: undefined, private key pass is not provided, client store temporary credential: false, browser response timeout: 120000"}
{"level":"INFO","message":"[5:48:58.902 PM]: Connection[id: 7a014425-59d2-4287-a551-42a692ed6ada] - connection object created successfully."}
{"level":"INFO","message":"[5:48:58.903 PM]: Connection[id: 7a014425-59d2-4287-a551-42a692ed6ada] - async connecting. Associated Snowflake domain: GLOBAL"}
{"level":"INFO","message":"[5:48:58.909 PM]: Connection[id: 7a014425-59d2-4287-a551-42a692ed6ada] - authentication successful using: SNOWFLAKE_JWT"}
{"level":"INFO","message":"[5:48:59.147 PM]: Connection[id: 7a014425-59d2-4287-a551-42a692ed6ada] - connection established successfully after 244.71 milliseconds"}
{"level":"INFO","message":"[5:49:07.634 PM]: Creating new connection object"}
{"level":"INFO","message":"[5:49:07.636 PM]: Creating Connection[id: a8ab86b2-0ac2-4c78-b712-a72517f36498] with host: ik70694.uk-south.azure.snowflakecomputing.com, account: ik70694, accessUrl: https://ik70694.uk-south.azure.snowflakecomputing.com, user: FEEDBACK_SVC, role: undefined, database: APP_BACKEND_PROD, schema: COLLECTION, warehouse: COMPUTE_WH, proxy was not configured, password is not provided, region: uk-south.azure, authenticator: SNOWFLAKE_JWT, ocsp mode: FAIL_OPEN, os: win32, os version: 10.0.26200"}
{"level":"INFO","message":"[5:49:07.637 PM]: Connection[id: a8ab86b2-0ac2-4c78-b712-a72517f36498] additional details: passcode in password is provided, passcode is not provided, private key is provided, application: undefined, client name: snowflake-sdk, client version: 2.4.0, retry timeout: 300, private key path: undefined, private key pass is not provided, client store temporary credential: false, browser response timeout: 120000"}
{"level":"INFO","message":"[5:49:07.637 PM]: Connection[id: a8ab86b2-0ac2-4c78-b712-a72517f36498] - connection object created successfully."}
{"level":"INFO","message":"[5:49:07.640 PM]: Connection[id: a8ab86b2-0ac2-4c78-b712-a72517f36498] - async connecting. Associated Snowflake domain: GLOBAL"}
{"level":"INFO","message":"[5:49:07.647 PM]: Connection[id: a8ab86b2-0ac2-4c78-b712-a72517f36498] - authentication successful using: SNOWFLAKE_JWT"}
{"level":"INFO","message":"[5:49:07.718 PM]: Connection[id: a8ab86b2-0ac2-4c78-b712-a72517f36498] - connection established successfully after 77.84 milliseconds"}
{"level":"INFO","message":"[5:49:53.384 PM]: Creating new connection object"}
{"level":"INFO","message":"[5:49:53.386 PM]: Creating Connection[id: 78dda6f1-b8ce-4928-9f0a-12596c09eac6] with host: ik70694.uk-south.azure.snowflakecomputing.com, account: ik70694, accessUrl: https://ik70694.uk-south.azure.snowflakecomputing.com, user: FEEDBACK_SVC, role: undefined, database: APP_BACKEND_PROD, schema: COLLECTION, warehouse: COMPUTE_WH, proxy was not configured, password is not provided, region: uk-south.azure, authenticator: SNOWFLAKE_JWT, ocsp mode: FAIL_OPEN, os: win32, os version: 10.0.26200"}
{"level":"INFO","message":"[5:49:53.386 PM]: Connection[id: 78dda6f1-b8ce-4928-9f0a-12596c09eac6] additional details: passcode in password is provided, passcode is not provided, private key is provided, application: undefined, client name: snowflake-sdk, client version: 2.4.0, retry timeout: 300, private key path: undefined, private key pass is not provided, client store temporary credential: false, browser response timeout: 120000"}
{"level":"INFO","message":"[5:49:53.387 PM]: Connection[id: 78dda6f1-b8ce-4928-9f0a-12596c09eac6] - connection object created successfully."}
{"level":"INFO","message":"[5:49:53.388 PM]: Connection[id: 78dda6f1-b8ce-4928-9f0a-12596c09eac6] - async connecting. Associated Snowflake domain: GLOBAL"}
{"level":"INFO","message":"[5:49:53.392 PM]: Connection[id: 78dda6f1-b8ce-4928-9f0a-12596c09eac6] - authentication successful using: SNOWFLAKE_JWT"}
{"level":"INFO","message":"[5:49:53.453 PM]: Connection[id: 78dda6f1-b8ce-4928-9f0a-12596c09eac6] - connection established successfully after 65.3 milliseconds"}
{"level":"INFO","message":"[5:50:12.009 PM]: Creating new connection object"}
{"level":"INFO","message":"[5:50:12.011 PM]: Creating Connection[id: d55bcd16-b0c5-4519-b4e8-c66220b0105a] with host: ik70694.uk-south.azure.snowflakecomputing.com, account: ik70694, accessUrl: https://ik70694.uk-south.azure.snowflakecomputing.com, user: FEEDBACK_SVC, role: undefined, database: APP_BACKEND_PROD, schema: COLLECTION, warehouse: COMPUTE_WH, proxy was not configured, password is not provided, region: uk-south.azure, authenticator: SNOWFLAKE_JWT, ocsp mode: FAIL_OPEN, os: win32, os version: 10.0.26200"}
{"level":"INFO","message":"[5:50:12.011 PM]: Connection[id: d55bcd16-b0c5-4519-b4e8-c66220b0105a] additional details: passcode in password is provided, passcode is not provided, private key is provided, application: undefined, client name: snowflake-sdk, client version: 2.4.0, retry timeout: 300, private key path: undefined, private key pass is not provided, client store temporary credential: false, browser response timeout: 120000"}
{"level":"INFO","message":"[5:50:12.012 PM]: Connection[id: d55bcd16-b0c5-4519-b4e8-c66220b0105a] - connection object created successfully."}
{"level":"INFO","message":"[5:50:12.012 PM]: Connection[id: d55bcd16-b0c5-4519-b4e8-c66220b0105a] - async connecting. Associated Snowflake domain: GLOBAL"}
{"level":"INFO","message":"[5:50:12.016 PM]: Connection[id: d55bcd16-b0c5-4519-b4e8-c66220b0105a] - authentication successful using: SNOWFLAKE_JWT"}
{"level":"INFO","message":"[5:50:12.108 PM]: Connection[id: d55bcd16-b0c5-4519-b4e8-c66220b0105a] - connection established successfully after 95.69 milliseconds"}
{"level":"INFO","message":"[5:51:23.650 PM]: Creating new connection object"}
{"level":"INFO","message":"[5:51:23.653 PM]: Creating Connection[id: fafbc2b7-a58c-4000-9e97-f900de8f6cb5] with host: ik70694.uk-south.azure.snowflakecomputing.com, account: ik70694, accessUrl: https://ik70694.uk-south.azure.snowflakecomputing.com, user: FEEDBACK_SVC, role: undefined, database: APP_BACKEND_PROD, schema: COLLECTION, warehouse: COMPUTE_WH, proxy was not configured, password is not provided, region: uk-south.azure, authenticator: SNOWFLAKE_JWT, ocsp mode: FAIL_OPEN, os: win32, os version: 10.0.26200"}
{"level":"INFO","message":"[5:51:23.654 PM]: Connection[id: fafbc2b7-a58c-4000-9e97-f900de8f6cb5] additional details: passcode in password is provided, passcode is not provided, private key is provided, application: undefined, client name: snowflake-sdk, client version: 2.4.0, retry timeout: 300, private key path: undefined, private key pass is not provided, client store temporary credential: false, browser response timeout: 120000"}
{"level":"INFO","message":"[5:51:23.654 PM]: Connection[id: fafbc2b7-a58c-4000-9e97-f900de8f6cb5] - connection object created successfully."}
{"level":"INFO","message":"[5:51:23.657 PM]: Connection[id: fafbc2b7-a58c-4000-9e97-f900de8f6cb5] - async connecting. Associated Snowflake domain: GLOBAL"}
{"level":"INFO","message":"[5:51:23.665 PM]: Connection[id: fafbc2b7-a58c-4000-9e97-f900de8f6cb5] - authentication successful using: SNOWFLAKE_JWT"}
{"level":"INFO","message":"[5:51:23.730 PM]: Connection[id: fafbc2b7-a58c-4000-9e97-f900de8f6cb5] - connection established successfully after 72.93 milliseconds"}
{"level":"INFO","message":"[5:51:25.415 PM]: Creating new connection object"}
{"level":"INFO","message":"[5:51:25.417 PM]: Creating Connection[id: 4592a333-d286-49cc-9feb-da50208b23c7] with host: ik70694.uk-south.azure.snowflakecomputing.com, account: ik70694, accessUrl: https://ik70694.uk-south.azure.snowflakecomputing.com, user: FEEDBACK_SVC, role: undefined, database: APP_BACKEND_PROD, schema: COLLECTION, warehouse: COMPUTE_WH, proxy was not configured, password is not provided, region: uk-south.azure, authenticator: SNOWFLAKE_JWT, ocsp mode: FAIL_OPEN, os: win32, os version: 10.0.26200"}
{"level":"INFO","message":"[5:51:25.417 PM]: Connection[id: 4592a333-d286-49cc-9feb-da50208b23c7] additional details: passcode in password is provided, passcode is not provided, private key is provided, application: undefined, client name: snowflake-sdk, client version: 2.4.0, retry timeout: 300, private key path: undefined, private key pass is not provided, client store temporary credential: false, browser response timeout: 120000"}
{"level":"INFO","message":"[5:51:25.418 PM]: Connection[id: 4592a333-d286-49cc-9feb-da50208b23c7] - connection object created successfully."}
{"level":"INFO","message":"[5:51:25.419 PM]: Connection[id: 4592a333-d286-49cc-9feb-da50208b23c7] - async connecting. Associated Snowflake domain: GLOBAL"}
{"level":"INFO","message":"[5:51:25.425 PM]: Connection[id: 4592a333-d286-49cc-9feb-da50208b23c7] - authentication successful using: SNOWFLAKE_JWT"}
{"level":"INFO","message":"[5:51:25.429 PM]: Creating new connection object"}
{"level":"INFO","message":"[5:51:25.431 PM]: Creating Connection[id: c8728798-76cb-4e1a-bc95-75e3fff09d59] with host: ik70694.uk-south.azure.snowflakecomputing.com, account: ik70694, accessUrl: https://ik70694.uk-south.azure.snowflakecomputing.com, user: FEEDBACK_SVC, role: undefined, database: APP_BACKEND_PROD, schema: COLLECTION, warehouse: COMPUTE_WH, proxy was not configured, password is not provided, region: uk-south.azure, authenticator: SNOWFLAKE_JWT, ocsp mode: FAIL_OPEN, os: win32, os version: 10.0.26200"}
{"level":"INFO","message":"[5:51:25.432 PM]: Connection[id: c8728798-76cb-4e1a-bc95-75e3fff09d59] additional details: passcode in password is provided, passcode is not provided, private key is provided, application: undefined, client name: snowflake-sdk, client version: 2.4.0, retry timeout: 300, private key path: undefined, private key pass is not provided, client store temporary credential: false, browser response timeout: 120000"}
{"level":"INFO","message":"[5:51:25.434 PM]: Connection[id: c8728798-76cb-4e1a-bc95-75e3fff09d59] - connection object created successfully."}
{"level":"INFO","message":"[5:51:25.440 PM]: Connection[id: c8728798-76cb-4e1a-bc95-75e3fff09d59] - async connecting. Associated Snowflake domain: GLOBAL"}
{"level":"INFO","message":"[5:51:25.448 PM]: Connection[id: c8728798-76cb-4e1a-bc95-75e3fff09d59] - authentication successful using: SNOWFLAKE_JWT"}
{"level":"INFO","message":"[5:51:25.484 PM]: Connection[id: 4592a333-d286-49cc-9feb-da50208b23c7] - connection established successfully after 65.68 milliseconds"}
{"level":"INFO","message":"[5:51:25.657 PM]: Connection[id: c8728798-76cb-4e1a-bc95-75e3fff09d59] - connection established successfully after 216.49 milliseconds"}
{"level":"INFO","message":"[5:51:38.883 PM]: Creating new connection object"}
{"level":"INFO","message":"[5:51:38.884 PM]: Creating Connection[id: 661939e6-b0a9-4c11-b9e4-834e0fa2c19c] with host: ik70694.uk-south.azure.snowflakecomputing.com, account: ik70694, accessUrl: https://ik70694.uk-south.azure.snowflakecomputing.com, user: FEEDBACK_SVC, role: undefined, database: APP_BACKEND_PROD, schema: COLLECTION, warehouse: COMPUTE_WH, proxy was not configured, password is not provided, region: uk-south.azure, authenticator: SNOWFLAKE_JWT, ocsp mode: FAIL_OPEN, os: win32, os version: 10.0.26200"}
{"level":"INFO","message":"[5:51:38.884 PM]: Connection[id: 661939e6-b0a9-4c11-b9e4-834e0fa2c19c] additional details: passcode in password is provided, passcode is not provided, private key is provided, application: undefined, client name: snowflake-sdk, client version: 2.4.0, retry timeout: 300, private key path: undefined, private key pass is not provided, client store temporary credential: false, browser response timeout: 120000"}
{"level":"INFO","message":"[5:51:38.885 PM]: Connection[id: 661939e6-b0a9-4c11-b9e4-834e0fa2c19c] - connection object created successfully."}
{"level":"INFO","message":"[5:51:38.885 PM]: Connection[id: 661939e6-b0a9-4c11-b9e4-834e0fa2c19c] - async connecting. Associated Snowflake domain: GLOBAL"}
{"level":"INFO","message":"[5:51:38.892 PM]: Connection[id: 661939e6-b0a9-4c11-b9e4-834e0fa2c19c] - authentication successful using: SNOWFLAKE_JWT"}
{"level":"INFO","message":"[5:51:38.958 PM]: Connection[id: 661939e6-b0a9-4c11-b9e4-834e0fa2c19c] - connection established successfully after 73.64 milliseconds"}
{"level":"INFO","message":"[5:55:23.625 PM]: Creating new connection object"}
{"level":"INFO","message":"[5:55:23.629 PM]: Creating Connection[id: fd96ebbc-2afd-48c8-bb7e-18ec8fd107af] with host: ik70694.uk-south.azure.snowflakecomputing.com, account: ik70694, accessUrl: https://ik70694.uk-south.azure.snowflakecomputing.com, user: FEEDBACK_SVC, role: undefined, database: APP_BACKEND_PROD, schema: COLLECTION, warehouse: COMPUTE_WH, proxy was not configured, password is not provided, region: uk-south.azure, authenticator: SNOWFLAKE_JWT, ocsp mode: FAIL_OPEN, os: win32, os version: 10.0.26200"}
{"level":"INFO","message":"[5:55:23.636 PM]: Connection[id: fd96ebbc-2afd-48c8-bb7e-18ec8fd107af] additional details: passcode in password is provided, passcode is not provided, private key is provided, application: undefined, client name: snowflake-sdk, client version: 2.4.0, retry timeout: 300, private key path: undefined, private key pass is not provided, client store temporary credential: false, browser response timeout: 120000"}
{"level":"INFO","message":"[5:55:23.637 PM]: Connection[id: fd96ebbc-2afd-48c8-bb7e-18ec8fd107af] - connection object created successfully."}
{"level":"INFO","message":"[5:55:23.639 PM]: Connection[id: fd96ebbc-2afd-48c8-bb7e-18ec8fd107af] - async connecting. Associated Snowflake domain: GLOBAL"}
{"level":"INFO","message":"[5:55:23.646 PM]: Connection[id: fd96ebbc-2afd-48c8-bb7e-18ec8fd107af] - authentication successful using: SNOWFLAKE_JWT"}
{"level":"INFO","message":"[5:55:23.658 PM]: Creating new connection object"}
{"level":"INFO","message":"[5:55:23.659 PM]: Creating Connection[id: f2d6b7da-441b-465b-ad45-7552ab1347b2] with host: ik70694.uk-south.azure.snowflakecomputing.com, account: ik70694, accessUrl: https://ik70694.uk-south.azure.snowflakecomputing.com, user: FEEDBACK_SVC, role: undefined, database: APP_BACKEND_PROD, schema: COLLECTION, warehouse: COMPUTE_WH, proxy was not configured, password is not provided, region: uk-south.azure, authenticator: SNOWFLAKE_JWT, ocsp mode: FAIL_OPEN, os: win32, os version: 10.0.26200"}
{"level":"INFO","message":"[5:55:23.660 PM]: Connection[id: f2d6b7da-441b-465b-ad45-7552ab1347b2] additional details: passcode in password is provided, passcode is not provided, private key is provided, application: undefined, client name: snowflake-sdk, client version: 2.4.0, retry timeout: 300, private key path: undefined, private key pass is not provided, client store temporary credential: false, browser response timeout: 120000"}
{"level":"INFO","message":"[5:55:23.661 PM]: Connection[id: f2d6b7da-441b-465b-ad45-7552ab1347b2] - connection object created successfully."}
{"level":"INFO","message":"[5:55:23.661 PM]: Connection[id: f2d6b7da-441b-465b-ad45-7552ab1347b2] - async connecting. Associated Snowflake domain: GLOBAL"}
{"level":"INFO","message":"[5:55:23.666 PM]: Connection[id: f2d6b7da-441b-465b-ad45-7552ab1347b2] - authentication successful using: SNOWFLAKE_JWT"}
{"level":"INFO","message":"[5:55:23.914 PM]: Connection[id: f2d6b7da-441b-465b-ad45-7552ab1347b2] - connection established successfully after 252.48 milliseconds"}
{"level":"INFO","message":"[5:55:23.970 PM]: Connection[id: fd96ebbc-2afd-48c8-bb7e-18ec8fd107af] - connection established successfully after 331.65 milliseconds"}
{"level":"INFO","message":"[5:57:26.191 PM]: Creating new connection object"}
{"level":"INFO","message":"[5:57:26.194 PM]: Creating Connection[id: db7430db-1977-433f-8615-d66579e99d5f] with host: ik70694.uk-south.azure.snowflakecomputing.com, account: ik70694, accessUrl: https://ik70694.uk-south.azure.snowflakecomputing.com, user: FEEDBACK_SVC, role: undefined, database: APP_BACKEND_PROD, schema: COLLECTION, warehouse: COMPUTE_WH, proxy was not configured, password is not provided, region: uk-south.azure, authenticator: SNOWFLAKE_JWT, ocsp mode: FAIL_OPEN, os: win32, os version: 10.0.26200"}
{"level":"INFO","message":"[5:57:26.194 PM]: Connection[id: db7430db-1977-433f-8615-d66579e99d5f] additional details: passcode in password is provided, passcode is not provided, private key is provided, application: undefined, client name: snowflake-sdk, client version: 2.4.0, retry timeout: 300, private key path: undefined, private key pass is not provided, client store temporary credential: false, browser response timeout: 120000"}
{"level":"INFO","message":"[5:57:26.195 PM]: Connection[id: db7430db-1977-433f-8615-d66579e99d5f] - connection object created successfully."}
{"level":"INFO","message":"[5:57:26.195 PM]: Connection[id: db7430db-1977-433f-8615-d66579e99d5f] - async connecting. Associated Snowflake domain: GLOBAL"}
{"level":"INFO","message":"[5:57:26.202 PM]: Connection[id: db7430db-1977-433f-8615-d66579e99d5f] - authentication successful using: SNOWFLAKE_JWT"}
{"level":"INFO","message":"[5:57:26.208 PM]: Creating new connection object"}
{"level":"INFO","message":"[5:57:26.209 PM]: Creating Connection[id: 136c2a97-5d00-4312-854b-0eadf281cfc0] with host: ik70694.uk-south.azure.snowflakecomputing.com, account: ik70694, accessUrl: https://ik70694.uk-south.azure.snowflakecomputing.com, user: FEEDBACK_SVC, role: undefined, database: APP_BACKEND_PROD, schema: COLLECTION, warehouse: COMPUTE_WH, proxy was not configured, password is not provided, region: uk-south.azure, authenticator: SNOWFLAKE_JWT, ocsp mode: FAIL_OPEN, os: win32, os version: 10.0.26200"}
{"level":"INFO","message":"[5:57:26.210 PM]: Connection[id: 136c2a97-5d00-4312-854b-0eadf281cfc0] additional details: passcode in password is provided, passcode is not provided, private key is provided, application: undefined, client name: snowflake-sdk, client version: 2.4.0, retry timeout: 300, private key path: undefined, private key pass is not provided, client store temporary credential: false, browser response timeout: 120000"}
{"level":"INFO","message":"[5:57:26.210 PM]: Connection[id: 136c2a97-5d00-4312-854b-0eadf281cfc0] - connection object created successfully."}
{"level":"INFO","message":"[5:57:26.210 PM]: Connection[id: 136c2a97-5d00-4312-854b-0eadf281cfc0] - async connecting. Associated Snowflake domain: GLOBAL"}
{"level":"INFO","message":"[5:57:26.215 PM]: Connection[id: 136c2a97-5d00-4312-854b-0eadf281cfc0] - authentication successful using: SNOWFLAKE_JWT"}
{"level":"INFO","message":"[5:57:26.560 PM]: Connection[id: db7430db-1977-433f-8615-d66579e99d5f] - connection established successfully after 364.66 milliseconds"}
{"level":"INFO","message":"[5:57:26.926 PM]: Connection[id: 136c2a97-5d00-4312-854b-0eadf281cfc0] - connection established successfully after 715.68 milliseconds"}
{"level":"INFO","message":"[5:57:34.917 PM]: Creating new connection object"}
{"level":"INFO","message":"[5:57:34.918 PM]: Creating Connection[id: a517651b-cea5-48e4-987e-fb93b0e1ba59] with host: ik70694.uk-south.azure.snowflakecomputing.com, account: ik70694, accessUrl: https://ik70694.uk-south.azure.snowflakecomputing.com, user: FEEDBACK_SVC, role: undefined, database: APP_BACKEND_PROD, schema: COLLECTION, warehouse: COMPUTE_WH, proxy was not configured, password is not provided, region: uk-south.azure, authenticator: SNOWFLAKE_JWT, ocsp mode: FAIL_OPEN, os: win32, os version: 10.0.26200"}
{"level":"INFO","message":"[5:57:34.919 PM]: Connection[id: a517651b-cea5-48e4-987e-fb93b0e1ba59] additional details: passcode in password is provided, passcode is not provided, private key is provided, application: undefined, client name: snowflake-sdk, client version: 2.4.0, retry timeout: 300, private key path: undefined, private key pass is not provided, client store temporary credential: false, browser response timeout: 120000"}
{"level":"INFO","message":"[5:57:34.919 PM]: Connection[id: a517651b-cea5-48e4-987e-fb93b0e1ba59] - connection object created successfully."}
{"level":"INFO","message":"[5:57:34.919 PM]: Connection[id: a517651b-cea5-48e4-987e-fb93b0e1ba59] - async connecting. Associated Snowflake domain: GLOBAL"}
{"level":"INFO","message":"[5:57:34.921 PM]: Connection[id: a517651b-cea5-48e4-987e-fb93b0e1ba59] - authentication successful using: SNOWFLAKE_JWT"}
{"level":"INFO","message":"[5:57:34.926 PM]: Creating new connection object"}
{"level":"INFO","message":"[5:57:34.926 PM]: Creating Connection[id: 75190c4e-234c-4b97-9853-a0724fae9dca] with host: ik70694.uk-south.azure.snowflakecomputing.com, account: ik70694, accessUrl: https://ik70694.uk-south.azure.snowflakecomputing.com, user: FEEDBACK_SVC, role: undefined, database: APP_BACKEND_PROD, schema: COLLECTION, warehouse: COMPUTE_WH, proxy was not configured, password is not provided, region: uk-south.azure, authenticator: SNOWFLAKE_JWT, ocsp mode: FAIL_OPEN, os: win32, os version: 10.0.26200"}
{"level":"INFO","message":"[5:57:34.927 PM]: Connection[id: 75190c4e-234c-4b97-9853-a0724fae9dca] additional details: passcode in password is provided, passcode is not provided, private key is provided, application: undefined, client name: snowflake-sdk, client version: 2.4.0, retry timeout: 300, private key path: undefined, private key pass is not provided, client store temporary credential: false, browser response timeout: 120000"}
{"level":"INFO","message":"[5:57:34.927 PM]: Connection[id: 75190c4e-234c-4b97-9853-a0724fae9dca] - connection object created successfully."}
{"level":"INFO","message":"[5:57:34.927 PM]: Connection[id: 75190c4e-234c-4b97-9853-a0724fae9dca] - async connecting. Associated Snowflake domain: GLOBAL"}
{"level":"INFO","message":"[5:57:34.929 PM]: Connection[id: 75190c4e-234c-4b97-9853-a0724fae9dca] - authentication successful using: SNOWFLAKE_JWT"}
{"level":"INFO","message":"[5:57:34.979 PM]: Connection[id: a517651b-cea5-48e4-987e-fb93b0e1ba59] - connection established successfully after 59.8 milliseconds"}
{"level":"INFO","message":"[5:57:34.981 PM]: Connection[id: 75190c4e-234c-4b97-9853-a0724fae9dca] - connection established successfully after 53.31 milliseconds"}
{"level":"INFO","message":"[5:58:18.969 PM]: Creating new connection object"}
{"level":"INFO","message":"[5:58:18.970 PM]: Creating Connection[id: fb1e3fa6-0c2d-4c62-9be3-45e9106c1926] with host: ik70694.uk-south.azure.snowflakecomputing.com, account: ik70694, accessUrl: https://ik70694.uk-south.azure.snowflakecomputing.com, user: FEEDBACK_SVC, role: undefined, database: APP_BACKEND_PROD, schema: COLLECTION, warehouse: COMPUTE_WH, proxy was not configured, password is not provided, region: uk-south.azure, authenticator: SNOWFLAKE_JWT, ocsp mode: FAIL_OPEN, os: win32, os version: 10.0.26200"}
{"level":"INFO","message":"[5:58:18.971 PM]: Connection[id: fb1e3fa6-0c2d-4c62-9be3-45e9106c1926] additional details: passcode in password is provided, passcode is not provided, private key is provided, application: undefined, client name: snowflake-sdk, client version: 2.4.0, retry timeout: 300, private key path: undefined, private key pass is not provided, client store temporary credential: false, browser response timeout: 120000"}
{"level":"INFO","message":"[5:58:18.971 PM]: Connection[id: fb1e3fa6-0c2d-4c62-9be3-45e9106c1926] - connection object created successfully."}
{"level":"INFO","message":"[5:58:18.971 PM]: Connection[id: fb1e3fa6-0c2d-4c62-9be3-45e9106c1926] - async connecting. Associated Snowflake domain: GLOBAL"}
{"level":"INFO","message":"[5:58:18.976 PM]: Connection[id: fb1e3fa6-0c2d-4c62-9be3-45e9106c1926] - authentication successful using: SNOWFLAKE_JWT"}
{"level":"INFO","message":"[5:58:19.222 PM]: Connection[id: fb1e3fa6-0c2d-4c62-9be3-45e9106c1926] - connection established successfully after 251.16 milliseconds"}
{"level":"INFO","message":"[5:59:55.132 PM]: Creating new connection object"}
{"level":"INFO","message":"[5:59:55.135 PM]: Creating Connection[id: ede9a2f7-6908-4979-a697-ffd529096129] with host: ik70694.uk-south.azure.snowflakecomputing.com, account: ik70694, accessUrl: https://ik70694.uk-south.azure.snowflakecomputing.com, user: FEEDBACK_SVC, role: undefined, database: APP_BACKEND_PROD, schema: COLLECTION, warehouse: COMPUTE_WH, proxy was not configured, password is not provided, region: uk-south.azure, authenticator: SNOWFLAKE_JWT, ocsp mode: FAIL_OPEN, os: win32, os version: 10.0.26200"}
{"level":"INFO","message":"[5:59:55.136 PM]: Connection[id: ede9a2f7-6908-4979-a697-ffd529096129] additional details: passcode in password is provided, passcode is not provided, private key is provided, application: undefined, client name: snowflake-sdk, client version: 2.4.0, retry timeout: 300, private key path: undefined, private key pass is not provided, client store temporary credential: false, browser response timeout: 120000"}
{"level":"INFO","message":"[5:59:55.137 PM]: Connection[id: ede9a2f7-6908-4979-a697-ffd529096129] - connection object created successfully."}
{"level":"INFO","message":"[5:59:55.137 PM]: Connection[id: ede9a2f7-6908-4979-a697-ffd529096129] - async connecting. Associated Snowflake domain: GLOBAL"}
{"level":"INFO","message":"[5:59:55.142 PM]: Connection[id: ede9a2f7-6908-4979-a697-ffd529096129] - authentication successful using: SNOWFLAKE_JWT"}
{"level":"INFO","message":"[5:59:55.410 PM]: Connection[id: ede9a2f7-6908-4979-a697-ffd529096129] - connection established successfully after 272.94 milliseconds"}
{"level":"INFO","message":"[6:00:19.406 PM]: Creating new connection object"}
{"level":"INFO","message":"[6:00:19.407 PM]: Creating Connection[id: a29e6972-99fb-47d3-a44a-e84bd4178fbc] with host: ik70694.uk-south.azure.snowflakecomputing.com, account: ik70694, accessUrl: https://ik70694.uk-south.azure.snowflakecomputing.com, user: FEEDBACK_SVC, role: undefined, database: APP_BACKEND_PROD, schema: COLLECTION, warehouse: COMPUTE_WH, proxy was not configured, password is not provided, region: uk-south.azure, authenticator: SNOWFLAKE_JWT, ocsp mode: FAIL_OPEN, os: win32, os version: 10.0.26200"}
{"level":"INFO","message":"[6:00:19.408 PM]: Connection[id: a29e6972-99fb-47d3-a44a-e84bd4178fbc] additional details: passcode in password is provided, passcode is not provided, private key is provided, application: undefined, client name: snowflake-sdk, client version: 2.4.0, retry timeout: 300, private key path: undefined, private key pass is not provided, client store temporary credential: false, browser response timeout: 120000"}
{"level":"INFO","message":"[6:00:19.409 PM]: Connection[id: a29e6972-99fb-47d3-a44a-e84bd4178fbc] - connection object created successfully."}
{"level":"INFO","message":"[6:00:19.409 PM]: Connection[id: a29e6972-99fb-47d3-a44a-e84bd4178fbc] - async connecting. Associated Snowflake domain: GLOBAL"}
{"level":"INFO","message":"[6:00:19.413 PM]: Connection[id: a29e6972-99fb-47d3-a44a-e84bd4178fbc] - authentication successful using: SNOWFLAKE_JWT"}
{"level":"INFO","message":"[6:00:19.598 PM]: Connection[id: a29e6972-99fb-47d3-a44a-e84bd4178fbc] - connection established successfully after 188.33 milliseconds"}
{"level":"INFO","message":"[6:02:23.349 PM]: Creating new connection object"}
{"level":"INFO","message":"[6:02:23.353 PM]: Creating Connection[id: 5336cee1-afa7-433d-96a0-530e433d3719] with host: ik70694.uk-south.azure.snowflakecomputing.com, account: ik70694, accessUrl: https://ik70694.uk-south.azure.snowflakecomputing.com, user: FEEDBACK_SVC, role: undefined, database: APP_BACKEND_PROD, schema: COLLECTION, warehouse: COMPUTE_WH, proxy was not configured, password is not provided, region: uk-south.azure, authenticator: SNOWFLAKE_JWT, ocsp mode: FAIL_OPEN, os: win32, os version: 10.0.26200"}
{"level":"INFO","message":"[6:02:23.353 PM]: Connection[id: 5336cee1-afa7-433d-96a0-530e433d3719] additional details: passcode in password is provided, passcode is not provided, private key is provided, application: undefined, client name: snowflake-sdk, client version: 2.4.0, retry timeout: 300, private key path: undefined, private key pass is not provided, client store temporary credential: false, browser response timeout: 120000"}
{"level":"INFO","message":"[6:02:23.354 PM]: Connection[id: 5336cee1-afa7-433d-96a0-530e433d3719] - connection object created successfully."}
{"level":"INFO","message":"[6:02:23.355 PM]: Connection[id: 5336cee1-afa7-433d-96a0-530e433d3719] - async connecting. Associated Snowflake domain: GLOBAL"}
{"level":"INFO","message":"[6:02:23.361 PM]: Connection[id: 5336cee1-afa7-433d-96a0-530e433d3719] - authentication successful using: SNOWFLAKE_JWT"}
{"level":"INFO","message":"[6:02:23.652 PM]: Connection[id: 5336cee1-afa7-433d-96a0-530e433d3719] - connection established successfully after 296.69 milliseconds"}
{"level":"INFO","message":"[6:03:30.472 PM]: Creating new connection object"}
{"level":"INFO","message":"[6:03:30.474 PM]: Creating Connection[id: b6b413ed-7326-4121-9e70-a09f204374a5] with host: ik70694.uk-south.azure.snowflakecomputing.com, account: ik70694, accessUrl: https://ik70694.uk-south.azure.snowflakecomputing.com, user: FEEDBACK_SVC, role: undefined, database: APP_BACKEND_PROD, schema: COLLECTION, warehouse: COMPUTE_WH, proxy was not configured, password is not provided, region: uk-south.azure, authenticator: SNOWFLAKE_JWT, ocsp mode: FAIL_OPEN, os: win32, os version: 10.0.26200"}
{"level":"INFO","message":"[6:03:30.474 PM]: Connection[id: b6b413ed-7326-4121-9e70-a09f204374a5] additional details: passcode in password is provided, passcode is not provided, private key is provided, application: undefined, client name: snowflake-sdk, client version: 2.4.0, retry timeout: 300, private key path: undefined, private key pass is not provided, client store temporary credential: false, browser response timeout: 120000"}
{"level":"INFO","message":"[6:03:30.475 PM]: Connection[id: b6b413ed-7326-4121-9e70-a09f204374a5] - connection object created successfully."}
{"level":"INFO","message":"[6:03:30.475 PM]: Connection[id: b6b413ed-7326-4121-9e70-a09f204374a5] - async connecting. Associated Snowflake domain: GLOBAL"}
{"level":"INFO","message":"[6:03:30.478 PM]: Connection[id: b6b413ed-7326-4121-9e70-a09f204374a5] - authentication successful using: SNOWFLAKE_JWT"}
{"level":"INFO","message":"[6:03:30.574 PM]: Connection[id: b6b413ed-7326-4121-9e70-a09f204374a5] - connection established successfully after 99.18 milliseconds"}
{"level":"INFO","message":"[6:03:30.977 PM]: Creating new connection object"}
{"level":"INFO","message":"[6:03:30.978 PM]: Creating Connection[id: b4af3ba6-3759-4474-93ec-bb34b073f393] with host: ik70694.uk-south.azure.snowflakecomputing.com, account: ik70694, accessUrl: https://ik70694.uk-south.azure.snowflakecomputing.com, user: FEEDBACK_SVC, role: undefined, database: APP_BACKEND_PROD, schema: COLLECTION, warehouse: COMPUTE_WH, proxy was not configured, password is not provided, region: uk-south.azure, authenticator: SNOWFLAKE_JWT, ocsp mode: FAIL_OPEN, os: win32, os version: 10.0.26200"}
{"level":"INFO","message":"[6:03:30.978 PM]: Connection[id: b4af3ba6-3759-4474-93ec-bb34b073f393] additional details: passcode in password is provided, passcode is not provided, private key is provided, application: undefined, client name: snowflake-sdk, client version: 2.4.0, retry timeout: 300, private key path: undefined, private key pass is not provided, client store temporary credential: false, browser response timeout: 120000"}
{"level":"INFO","message":"[6:03:30.979 PM]: Connection[id: b4af3ba6-3759-4474-93ec-bb34b073f393] - connection object created successfully."}
{"level":"INFO","message":"[6:03:30.979 PM]: Connection[id: b4af3ba6-3759-4474-93ec-bb34b073f393] - async connecting. Associated Snowflake domain: GLOBAL"}
{"level":"INFO","message":"[6:03:30.984 PM]: Connection[id: b4af3ba6-3759-4474-93ec-bb34b073f393] - authentication successful using: SNOWFLAKE_JWT"}
{"level":"INFO","message":"[6:03:31.047 PM]: Connection[id: b4af3ba6-3759-4474-93ec-bb34b073f393] - connection established successfully after 68.02 milliseconds"}
{"level":"INFO","message":"[6:08:44.423 PM]: Creating new connection object"}
{"level":"INFO","message":"[6:08:44.444 PM]: Creating Connection[id: 457b45ac-8720-4676-87ef-c6720c4999b3] with host: ik70694.uk-south.azure.snowflakecomputing.com, account: ik70694, accessUrl: https://ik70694.uk-south.azure.snowflakecomputing.com, user: FEEDBACK_SVC, role: undefined, database: APP_BACKEND_PROD, schema: COLLECTION, warehouse: COMPUTE_WH, proxy was not configured, password is not provided, region: uk-south.azure, authenticator: SNOWFLAKE_JWT, ocsp mode: FAIL_OPEN, os: win32, os version: 10.0.26200"}
{"level":"INFO","message":"[6:08:44.445 PM]: Connection[id: 457b45ac-8720-4676-87ef-c6720c4999b3] additional details: passcode in password is provided, passcode is not provided, private key is provided, application: undefined, client name: snowflake-sdk, client version: 2.4.0, retry timeout: 300, private key path: undefined, private key pass is not provided, client store temporary credential: false, browser response timeout: 120000"}
{"level":"INFO","message":"[6:08:44.447 PM]: Connection[id: 457b45ac-8720-4676-87ef-c6720c4999b3] - connection object created successfully."}
{"level":"INFO","message":"[6:08:44.448 PM]: Connection[id: 457b45ac-8720-4676-87ef-c6720c4999b3] - async connecting. Associated Snowflake domain: GLOBAL"}
{"level":"INFO","message":"[6:08:44.449 PM]: Trying to initialize Easy Logging"}
{"level":"INFO","message":"[6:08:44.454 PM]: No client config detected."}
{"level":"INFO","message":"[6:08:44.455 PM]: No config file path found. Client config will not be used."}
{"level":"INFO","message":"[6:08:44.455 PM]: Easy Logging is disabled as no config has been found"}
{"level":"INFO","message":"[6:08:44.466 PM]: Connection[id: 457b45ac-8720-4676-87ef-c6720c4999b3] - authentication successful using: SNOWFLAKE_JWT"}
{"level":"INFO","message":"[6:08:45.653 PM]: Connection[id: 457b45ac-8720-4676-87ef-c6720c4999b3] - connection established successfully after 1204.79 milliseconds"}
{"level":"INFO","message":"[6:08:46.034 PM]: Creating new connection object"}
{"level":"INFO","message":"[6:08:46.035 PM]: Creating Connection[id: c5d1f869-41eb-485f-a60f-1041f322e6c5] with host: ik70694.uk-south.azure.snowflakecomputing.com, account: ik70694, accessUrl: https://ik70694.uk-south.azure.snowflakecomputing.com, user: FEEDBACK_SVC, role: undefined, database: APP_BACKEND_PROD, schema: COLLECTION, warehouse: COMPUTE_WH, proxy was not configured, password is not provided, region: uk-south.azure, authenticator: SNOWFLAKE_JWT, ocsp mode: FAIL_OPEN, os: win32, os version: 10.0.26200"}
{"level":"INFO","message":"[6:08:46.035 PM]: Connection[id: c5d1f869-41eb-485f-a60f-1041f322e6c5] additional details: passcode in password is provided, passcode is not provided, private key is provided, application: undefined, client name: snowflake-sdk, client version: 2.4.0, retry timeout: 300, private key path: undefined, private key pass is not provided, client store temporary credential: false, browser response timeout: 120000"}
{"level":"INFO","message":"[6:08:46.036 PM]: Connection[id: c5d1f869-41eb-485f-a60f-1041f322e6c5] - connection object created successfully."}
{"level":"INFO","message":"[6:08:46.036 PM]: Connection[id: c5d1f869-41eb-485f-a60f-1041f322e6c5] - async connecting. Associated Snowflake domain: GLOBAL"}
{"level":"INFO","message":"[6:08:46.041 PM]: Connection[id: c5d1f869-41eb-485f-a60f-1041f322e6c5] - authentication successful using: SNOWFLAKE_JWT"}
{"level":"INFO","message":"[6:08:46.107 PM]: Connection[id: c5d1f869-41eb-485f-a60f-1041f322e6c5] - connection established successfully after 70.8 milliseconds"}
{"level":"INFO","message":"[6:11:54.738 PM]: Creating new connection object"}
{"level":"INFO","message":"[6:11:54.741 PM]: Creating Connection[id: 103fd050-b2ee-4f8d-879f-a2af39023c36] with host: ik70694.uk-south.azure.snowflakecomputing.com, account: ik70694, accessUrl: https://ik70694.uk-south.azure.snowflakecomputing.com, user: FEEDBACK_SVC, role: undefined, database: APP_BACKEND_PROD, schema: COLLECTION, warehouse: COMPUTE_WH, proxy was not configured, password is not provided, region: uk-south.azure, authenticator: SNOWFLAKE_JWT, ocsp mode: FAIL_OPEN, os: win32, os version: 10.0.26200"}
{"level":"INFO","message":"[6:11:54.742 PM]: Connection[id: 103fd050-b2ee-4f8d-879f-a2af39023c36] additional details: passcode in password is provided, passcode is not provided, private key is provided, application: undefined, client name: snowflake-sdk, client version: 2.4.0, retry timeout: 300, private key path: undefined, private key pass is not provided, client store temporary credential: false, browser response timeout: 120000"}
{"level":"INFO","message":"[6:11:54.742 PM]: Connection[id: 103fd050-b2ee-4f8d-879f-a2af39023c36] - connection object created successfully."}
{"level":"INFO","message":"[6:11:54.743 PM]: Connection[id: 103fd050-b2ee-4f8d-879f-a2af39023c36] - async connecting. Associated Snowflake domain: GLOBAL"}
{"level":"INFO","message":"[6:11:54.748 PM]: Connection[id: 103fd050-b2ee-4f8d-879f-a2af39023c36] - authentication successful using: SNOWFLAKE_JWT"}
{"level":"INFO","message":"[6:11:55.041 PM]: Connection[id: 103fd050-b2ee-4f8d-879f-a2af39023c36] - connection established successfully after 298.11 milliseconds"}
{"level":"INFO","message":"[6:11:58.051 PM]: Creating new connection object"}
{"level":"INFO","message":"[6:11:58.052 PM]: Creating Connection[id: cb65331f-8c8b-42db-81c1-7bdf1da4939b] with host: ik70694.uk-south.azure.snowflakecomputing.com, account: ik70694, accessUrl: https://ik70694.uk-south.azure.snowflakecomputing.com, user: FEEDBACK_SVC, role: undefined, database: APP_BACKEND_PROD, schema: COLLECTION, warehouse: COMPUTE_WH, proxy was not configured, password is not provided, region: uk-south.azure, authenticator: SNOWFLAKE_JWT, ocsp mode: FAIL_OPEN, os: win32, os version: 10.0.26200"}
{"level":"INFO","message":"[6:11:58.053 PM]: Connection[id: cb65331f-8c8b-42db-81c1-7bdf1da4939b] additional details: passcode in password is provided, passcode is not provided, private key is provided, application: undefined, client name: snowflake-sdk, client version: 2.4.0, retry timeout: 300, private key path: undefined, private key pass is not provided, client store temporary credential: false, browser response timeout: 120000"}
{"level":"INFO","message":"[6:11:58.053 PM]: Connection[id: cb65331f-8c8b-42db-81c1-7bdf1da4939b] - connection object created successfully."}
{"level":"INFO","message":"[6:11:58.053 PM]: Connection[id: cb65331f-8c8b-42db-81c1-7bdf1da4939b] - async connecting. Associated Snowflake domain: GLOBAL"}
{"level":"INFO","message":"[6:11:58.056 PM]: Connection[id: cb65331f-8c8b-42db-81c1-7bdf1da4939b] - authentication successful using: SNOWFLAKE_JWT"}
{"level":"INFO","message":"[6:11:58.391 PM]: Connection[id: cb65331f-8c8b-42db-81c1-7bdf1da4939b] - connection established successfully after 338.11 milliseconds"}
{"level":"INFO","message":"[6:12:01.455 PM]: Creating new connection object"}
{"level":"INFO","message":"[6:12:01.456 PM]: Creating Connection[id: 63ce07ab-314e-428d-a560-6a1e12a8798b] with host: ik70694.uk-south.azure.snowflakecomputing.com, account: ik70694, accessUrl: https://ik70694.uk-south.azure.snowflakecomputing.com, user: FEEDBACK_SVC, role: undefined, database: APP_BACKEND_PROD, schema: COLLECTION, warehouse: COMPUTE_WH, proxy was not configured, password is not provided, region: uk-south.azure, authenticator: SNOWFLAKE_JWT, ocsp mode: FAIL_OPEN, os: win32, os version: 10.0.26200"}
{"level":"INFO","message":"[6:12:01.456 PM]: Connection[id: 63ce07ab-314e-428d-a560-6a1e12a8798b] additional details: passcode in password is provided, passcode is not provided, private key is provided, application: undefined, client name: snowflake-sdk, client version: 2.4.0, retry timeout: 300, private key path: undefined, private key pass is not provided, client store temporary credential: false, browser response timeout: 120000"}
{"level":"INFO","message":"[6:12:01.456 PM]: Connection[id: 63ce07ab-314e-428d-a560-6a1e12a8798b] - connection object created successfully."}
{"level":"INFO","message":"[6:12:01.457 PM]: Connection[id: 63ce07ab-314e-428d-a560-6a1e12a8798b] - async connecting. Associated Snowflake domain: GLOBAL"}
{"level":"INFO","message":"[6:12:01.458 PM]: Connection[id: 63ce07ab-314e-428d-a560-6a1e12a8798b] - authentication successful using: SNOWFLAKE_JWT"}
{"level":"INFO","message":"[6:12:01.524 PM]: Connection[id: 63ce07ab-314e-428d-a560-6a1e12a8798b] - connection established successfully after 67.74 milliseconds"}
{"level":"INFO","message":"[6:12:05.645 PM]: Creating new connection object"}
{"level":"INFO","message":"[6:12:05.646 PM]: Creating Connection[id: e2c8ac98-987d-46d3-896e-0f40590e0851] with host: ik70694.uk-south.azure.snowflakecomputing.com, account: ik70694, accessUrl: https://ik70694.uk-south.azure.snowflakecomputing.com, user: FEEDBACK_SVC, role: undefined, database: APP_BACKEND_PROD, schema: COLLECTION, warehouse: COMPUTE_WH, proxy was not configured, password is not provided, region: uk-south.azure, authenticator: SNOWFLAKE_JWT, ocsp mode: FAIL_OPEN, os: win32, os version: 10.0.26200"}
{"level":"INFO","message":"[6:12:05.647 PM]: Connection[id: e2c8ac98-987d-46d3-896e-0f40590e0851] additional details: passcode in password is provided, passcode is not provided, private key is provided, application: undefined, client name: snowflake-sdk, client version: 2.4.0, retry timeout: 300, private key path: undefined, private key pass is not provided, client store temporary credential: false, browser response timeout: 120000"}
{"level":"INFO","message":"[6:12:05.648 PM]: Connection[id: e2c8ac98-987d-46d3-896e-0f40590e0851] - connection object created successfully."}
{"level":"INFO","message":"[6:12:05.648 PM]: Connection[id: e2c8ac98-987d-46d3-896e-0f40590e0851] - async connecting. Associated Snowflake domain: GLOBAL"}
{"level":"INFO","message":"[6:12:05.654 PM]: Connection[id: e2c8ac98-987d-46d3-896e-0f40590e0851] - authentication successful using: SNOWFLAKE_JWT"}
{"level":"INFO","message":"[6:12:05.729 PM]: Connection[id: e2c8ac98-987d-46d3-896e-0f40590e0851] - connection established successfully after 81.03 milliseconds"}
{"level":"INFO","message":"[6:12:27.452 PM]: Creating new connection object"}
{"level":"INFO","message":"[6:12:27.453 PM]: Creating Connection[id: 65369257-55fc-465c-ac6a-f1706ab435b6] with host: ik70694.uk-south.azure.snowflakecomputing.com, account: ik70694, accessUrl: https://ik70694.uk-south.azure.snowflakecomputing.com, user: FEEDBACK_SVC, role: undefined, database: APP_BACKEND_PROD, schema: COLLECTION, warehouse: COMPUTE_WH, proxy was not configured, password is not provided, region: uk-south.azure, authenticator: SNOWFLAKE_JWT, ocsp mode: FAIL_OPEN, os: win32, os version: 10.0.26200"}
{"level":"INFO","message":"[6:12:27.454 PM]: Connection[id: 65369257-55fc-465c-ac6a-f1706ab435b6] additional details: passcode in password is provided, passcode is not provided, private key is provided, application: undefined, client name: snowflake-sdk, client version: 2.4.0, retry timeout: 300, private key path: undefined, private key pass is not provided, client store temporary credential: false, browser response timeout: 120000"}
{"level":"INFO","message":"[6:12:27.454 PM]: Connection[id: 65369257-55fc-465c-ac6a-f1706ab435b6] - connection object created successfully."}
{"level":"INFO","message":"[6:12:27.455 PM]: Connection[id: 65369257-55fc-465c-ac6a-f1706ab435b6] - async connecting. Associated Snowflake domain: GLOBAL"}
{"level":"INFO","message":"[6:12:27.460 PM]: Connection[id: 65369257-55fc-465c-ac6a-f1706ab435b6] - authentication successful using: SNOWFLAKE_JWT"}
{"level":"INFO","message":"[6:12:27.519 PM]: Connection[id: 65369257-55fc-465c-ac6a-f1706ab435b6] - connection established successfully after 63.72 milliseconds"}
{"level":"INFO","message":"[6:13:32.734 PM]: Creating new connection object"}
{"level":"INFO","message":"[6:13:32.755 PM]: Creating Connection[id: 37b1779d-42a7-411a-a933-7e9e764230f6] with host: ik70694.uk-south.azure.snowflakecomputing.com, account: ik70694, accessUrl: https://ik70694.uk-south.azure.snowflakecomputing.com, user: FEEDBACK_SVC, role: undefined, database: APP_BACKEND_PROD, schema: COLLECTION, warehouse: COMPUTE_WH, proxy was not configured, password is not provided, region: uk-south.azure, authenticator: SNOWFLAKE_JWT, ocsp mode: FAIL_OPEN, os: win32, os version: 10.0.26200"}
{"level":"INFO","message":"[6:13:32.756 PM]: Connection[id: 37b1779d-42a7-411a-a933-7e9e764230f6] additional details: passcode in password is provided, passcode is not provided, private key is provided, application: undefined, client name: snowflake-sdk, client version: 2.4.0, retry timeout: 300, private key path: undefined, private key pass is not provided, client store temporary credential: false, browser response timeout: 120000"}
{"level":"INFO","message":"[6:13:32.757 PM]: Connection[id: 37b1779d-42a7-411a-a933-7e9e764230f6] - connection object created successfully."}
{"level":"INFO","message":"[6:13:32.758 PM]: Connection[id: 37b1779d-42a7-411a-a933-7e9e764230f6] - async connecting. Associated Snowflake domain: GLOBAL"}
{"level":"INFO","message":"[6:13:32.759 PM]: Trying to initialize Easy Logging"}
{"level":"INFO","message":"[6:13:32.762 PM]: No client config detected."}
{"level":"INFO","message":"[6:13:32.763 PM]: No config file path found. Client config will not be used."}
{"level":"INFO","message":"[6:13:32.763 PM]: Easy Logging is disabled as no config has been found"}
{"level":"INFO","message":"[6:13:32.860 PM]: Connection[id: 37b1779d-42a7-411a-a933-7e9e764230f6] - authentication successful using: SNOWFLAKE_JWT"}
{"level":"INFO","message":"[6:13:33.870 PM]: Connection[id: 37b1779d-42a7-411a-a933-7e9e764230f6] - connection established successfully after 1111.9 milliseconds"}
{"level":"INFO","message":"[6:14:16.405 PM]: Creating new connection object"}
{"level":"INFO","message":"[6:14:16.410 PM]: Creating Connection[id: e1a2f2dd-8d6d-4984-a211-ac5be72ed856] with host: ik70694.uk-south.azure.snowflakecomputing.com, account: ik70694, accessUrl: https://ik70694.uk-south.azure.snowflakecomputing.com, user: FEEDBACK_SVC, role: undefined, database: APP_BACKEND_PROD, schema: COLLECTION, warehouse: COMPUTE_WH, proxy was not configured, password is not provided, region: uk-south.azure, authenticator: SNOWFLAKE_JWT, ocsp mode: FAIL_OPEN, os: win32, os version: 10.0.26200"}
{"level":"INFO","message":"[6:14:16.411 PM]: Connection[id: e1a2f2dd-8d6d-4984-a211-ac5be72ed856] additional details: passcode in password is provided, passcode is not provided, private key is provided, application: undefined, client name: snowflake-sdk, client version: 2.4.0, retry timeout: 300, private key path: undefined, private key pass is not provided, client store temporary credential: false, browser response timeout: 120000"}
{"level":"INFO","message":"[6:14:16.412 PM]: Connection[id: e1a2f2dd-8d6d-4984-a211-ac5be72ed856] - connection object created successfully."}
{"level":"INFO","message":"[6:14:16.412 PM]: Connection[id: e1a2f2dd-8d6d-4984-a211-ac5be72ed856] - async connecting. Associated Snowflake domain: GLOBAL"}
{"level":"INFO","message":"[6:14:16.416 PM]: Connection[id: e1a2f2dd-8d6d-4984-a211-ac5be72ed856] - authentication successful using: SNOWFLAKE_JWT"}
{"level":"INFO","message":"[6:14:16.498 PM]: Connection[id: e1a2f2dd-8d6d-4984-a211-ac5be72ed856] - connection established successfully after 85.76 milliseconds"}
{"level":"INFO","message":"[6:14:16.798 PM]: Creating new connection object"}
{"level":"INFO","message":"[6:14:16.803 PM]: Creating Connection[id: cd5a8d9b-e923-4ec7-8c73-fbd6887e8a26] with host: ik70694.uk-south.azure.snowflakecomputing.com, account: ik70694, accessUrl: https://ik70694.uk-south.azure.snowflakecomputing.com, user: FEEDBACK_SVC, role: undefined, database: APP_BACKEND_PROD, schema: COLLECTION, warehouse: COMPUTE_WH, proxy was not configured, password is not provided, region: uk-south.azure, authenticator: SNOWFLAKE_JWT, ocsp mode: FAIL_OPEN, os: win32, os version: 10.0.26200"}
{"level":"INFO","message":"[6:14:16.804 PM]: Connection[id: cd5a8d9b-e923-4ec7-8c73-fbd6887e8a26] additional details: passcode in password is provided, passcode is not provided, private key is provided, application: undefined, client name: snowflake-sdk, client version: 2.4.0, retry timeout: 300, private key path: undefined, private key pass is not provided, client store temporary credential: false, browser response timeout: 120000"}
{"level":"INFO","message":"[6:14:16.806 PM]: Connection[id: cd5a8d9b-e923-4ec7-8c73-fbd6887e8a26] - connection object created successfully."}
{"level":"INFO","message":"[6:14:16.808 PM]: Connection[id: cd5a8d9b-e923-4ec7-8c73-fbd6887e8a26] - async connecting. Associated Snowflake domain: GLOBAL"}
{"level":"INFO","message":"[6:14:16.815 PM]: Connection[id: cd5a8d9b-e923-4ec7-8c73-fbd6887e8a26] - authentication successful using: SNOWFLAKE_JWT"}
{"level":"INFO","message":"[6:14:16.900 PM]: Connection[id: cd5a8d9b-e923-4ec7-8c73-fbd6887e8a26] - connection established successfully after 92.12 milliseconds"}
{"level":"INFO","message":"[6:15:03.752 PM]: Creating new connection object"}
{"level":"INFO","message":"[6:15:03.754 PM]: Creating Connection[id: bd383052-8231-4266-999f-281874df6b57] with host: ik70694.uk-south.azure.snowflakecomputing.com, account: ik70694, accessUrl: https://ik70694.uk-south.azure.snowflakecomputing.com, user: FEEDBACK_SVC, role: undefined, database: APP_BACKEND_PROD, schema: COLLECTION, warehouse: COMPUTE_WH, proxy was not configured, password is not provided, region: uk-south.azure, authenticator: SNOWFLAKE_JWT, ocsp mode: FAIL_OPEN, os: win32, os version: 10.0.26200"}
{"level":"INFO","message":"[6:15:03.756 PM]: Connection[id: bd383052-8231-4266-999f-281874df6b57] additional details: passcode in password is provided, passcode is not provided, private key is provided, application: undefined, client name: snowflake-sdk, client version: 2.4.0, retry timeout: 300, private key path: undefined, private key pass is not provided, client store temporary credential: false, browser response timeout: 120000"}
{"level":"INFO","message":"[6:15:03.757 PM]: Connection[id: bd383052-8231-4266-999f-281874df6b57] - connection object created successfully."}
{"level":"INFO","message":"[6:15:03.757 PM]: Connection[id: bd383052-8231-4266-999f-281874df6b57] - async connecting. Associated Snowflake domain: GLOBAL"}
{"level":"INFO","message":"[6:15:03.771 PM]: Connection[id: bd383052-8231-4266-999f-281874df6b57] - authentication successful using: SNOWFLAKE_JWT"}
{"level":"INFO","message":"[6:15:04.048 PM]: Connection[id: bd383052-8231-4266-999f-281874df6b57] - connection established successfully after 290.38 milliseconds"}
{"level":"INFO","message":"[6:15:54.708 PM]: Creating new connection object"}
{"level":"INFO","message":"[6:15:54.712 PM]: Creating Connection[id: 4969173d-b2ca-453a-8f9e-48f51aa6a7fd] with host: ik70694.uk-south.azure.snowflakecomputing.com, account: ik70694, accessUrl: https://ik70694.uk-south.azure.snowflakecomputing.com, user: FEEDBACK_SVC, role: undefined, database: APP_BACKEND_PROD, schema: COLLECTION, warehouse: COMPUTE_WH, proxy was not configured, password is not provided, region: uk-south.azure, authenticator: SNOWFLAKE_JWT, ocsp mode: FAIL_OPEN, os: win32, os version: 10.0.26200"}
{"level":"INFO","message":"[6:15:54.712 PM]: Connection[id: 4969173d-b2ca-453a-8f9e-48f51aa6a7fd] additional details: passcode in password is provided, passcode is not provided, private key is provided, application: undefined, client name: snowflake-sdk, client version: 2.4.0, retry timeout: 300, private key path: undefined, private key pass is not provided, client store temporary credential: false, browser response timeout: 120000"}
{"level":"INFO","message":"[6:15:54.712 PM]: Connection[id: 4969173d-b2ca-453a-8f9e-48f51aa6a7fd] - connection object created successfully."}
{"level":"INFO","message":"[6:15:54.713 PM]: Connection[id: 4969173d-b2ca-453a-8f9e-48f51aa6a7fd] - async connecting. Associated Snowflake domain: GLOBAL"}
{"level":"INFO","message":"[6:15:54.716 PM]: Connection[id: 4969173d-b2ca-453a-8f9e-48f51aa6a7fd] - authentication successful using: SNOWFLAKE_JWT"}
{"level":"INFO","message":"[6:15:54.801 PM]: Connection[id: 4969173d-b2ca-453a-8f9e-48f51aa6a7fd] - connection established successfully after 88.38 milliseconds"}
{"level":"INFO","message":"[6:18:20.438 PM]: Creating new connection object"}
{"level":"INFO","message":"[6:18:20.440 PM]: Creating Connection[id: 79b08d48-0a47-4482-92ad-0163de74afb2] with host: ik70694.uk-south.azure.snowflakecomputing.com, account: ik70694, accessUrl: https://ik70694.uk-south.azure.snowflakecomputing.com, user: FEEDBACK_SVC, role: undefined, database: APP_BACKEND_PROD, schema: COLLECTION, warehouse: COMPUTE_WH, proxy was not configured, password is not provided, region: uk-south.azure, authenticator: SNOWFLAKE_JWT, ocsp mode: FAIL_OPEN, os: win32, os version: 10.0.26200"}
{"level":"INFO","message":"[6:18:20.440 PM]: Connection[id: 79b08d48-0a47-4482-92ad-0163de74afb2] additional details: passcode in password is provided, passcode is not provided, private key is provided, application: undefined, client name: snowflake-sdk, client version: 2.4.0, retry timeout: 300, private key path: undefined, private key pass is not provided, client store temporary credential: false, browser response timeout: 120000"}
{"level":"INFO","message":"[6:18:20.441 PM]: Connection[id: 79b08d48-0a47-4482-92ad-0163de74afb2] - connection object created successfully."}
{"level":"INFO","message":"[6:18:20.441 PM]: Connection[id: 79b08d48-0a47-4482-92ad-0163de74afb2] - async connecting. Associated Snowflake domain: GLOBAL"}
{"level":"INFO","message":"[6:18:20.443 PM]: Connection[id: 79b08d48-0a47-4482-92ad-0163de74afb2] - authentication successful using: SNOWFLAKE_JWT"}
{"level":"INFO","message":"[6:18:20.528 PM]: Connection[id: 79b08d48-0a47-4482-92ad-0163de74afb2] - connection established successfully after 86.72 milliseconds"}
{"level":"INFO","message":"[6:19:51.212 PM]: Creating new connection object"}
{"level":"INFO","message":"[6:19:51.220 PM]: Creating Connection[id: 4ba1f701-9f13-4171-8eb3-b8733bd1326f] with host: ik70694.uk-south.azure.snowflakecomputing.com, account: ik70694, accessUrl: https://ik70694.uk-south.azure.snowflakecomputing.com, user: FEEDBACK_SVC, role: undefined, database: APP_BACKEND_PROD, schema: COLLECTION, warehouse: COMPUTE_WH, proxy was not configured, password is not provided, region: uk-south.azure, authenticator: SNOWFLAKE_JWT, ocsp mode: FAIL_OPEN, os: win32, os version: 10.0.26200"}
{"level":"INFO","message":"[6:19:51.220 PM]: Connection[id: 4ba1f701-9f13-4171-8eb3-b8733bd1326f] additional details: passcode in password is provided, passcode is not provided, private key is provided, application: undefined, client name: snowflake-sdk, client version: 2.4.0, retry timeout: 300, private key path: undefined, private key pass is not provided, client store temporary credential: false, browser response timeout: 120000"}
{"level":"INFO","message":"[6:19:51.220 PM]: Connection[id: 4ba1f701-9f13-4171-8eb3-b8733bd1326f] - connection object created successfully."}
{"level":"INFO","message":"[6:19:51.221 PM]: Connection[id: 4ba1f701-9f13-4171-8eb3-b8733bd1326f] - async connecting. Associated Snowflake domain: GLOBAL"}
{"level":"INFO","message":"[6:19:51.221 PM]: Trying to initialize Easy Logging"}
{"level":"INFO","message":"[6:19:51.223 PM]: No client config detected."}
{"level":"INFO","message":"[6:19:51.223 PM]: No config file path found. Client config will not be used."}
{"level":"INFO","message":"[6:19:51.223 PM]: Easy Logging is disabled as no config has been found"}
{"level":"INFO","message":"[6:19:51.227 PM]: Connection[id: 4ba1f701-9f13-4171-8eb3-b8733bd1326f] - authentication successful using: SNOWFLAKE_JWT"}
{"level":"INFO","message":"[6:19:51.686 PM]: Connection[id: 4ba1f701-9f13-4171-8eb3-b8733bd1326f] - connection established successfully after 465.62 milliseconds"}
{"level":"INFO","message":"[6:20:59.468 PM]: Creating new connection object"}
{"level":"INFO","message":"[6:20:59.570 PM]: Creating Connection[id: 7bf34c78-354f-437f-81cb-2b9f780e8770] with host: ik70694.uk-south.azure.snowflakecomputing.com, account: ik70694, accessUrl: https://ik70694.uk-south.azure.snowflakecomputing.com, user: FEEDBACK_SVC, role: undefined, database: APP_BACKEND_PROD, schema: COLLECTION, warehouse: COMPUTE_WH, proxy was not configured, password is not provided, region: uk-south.azure, authenticator: SNOWFLAKE_JWT, ocsp mode: FAIL_OPEN, os: win32, os version: 10.0.26200"}
{"level":"INFO","message":"[6:20:59.571 PM]: Connection[id: 7bf34c78-354f-437f-81cb-2b9f780e8770] additional details: passcode in password is provided, passcode is not provided, private key is provided, application: undefined, client name: snowflake-sdk, client version: 2.4.0, retry timeout: 300, private key path: undefined, private key pass is not provided, client store temporary credential: false, browser response timeout: 120000"}
{"level":"INFO","message":"[6:20:59.572 PM]: Connection[id: 7bf34c78-354f-437f-81cb-2b9f780e8770] - connection object created successfully."}
{"level":"INFO","message":"[6:20:59.574 PM]: Connection[id: 7bf34c78-354f-437f-81cb-2b9f780e8770] - async connecting. Associated Snowflake domain: GLOBAL"}
{"level":"INFO","message":"[6:20:59.575 PM]: Trying to initialize Easy Logging"}
{"level":"INFO","message":"[6:20:59.585 PM]: No client config detected."}
{"level":"INFO","message":"[6:20:59.586 PM]: No config file path found. Client config will not be used."}
{"level":"INFO","message":"[6:20:59.587 PM]: Easy Logging is disabled as no config has been found"}
{"level":"INFO","message":"[6:20:59.598 PM]: Connection[id: 7bf34c78-354f-437f-81cb-2b9f780e8770] - authentication successful using: SNOWFLAKE_JWT"}
{"level":"INFO","message":"[6:21:00.446 PM]: Connection[id: 7bf34c78-354f-437f-81cb-2b9f780e8770] - connection established successfully after 872.17 milliseconds"}
{"level":"INFO","message":"[6:22:37.754 PM]: Creating new connection object"}
{"level":"INFO","message":"[6:22:37.761 PM]: Creating Connection[id: 503c9d77-a9d3-4697-b8fe-1ea8bd073d46] with host: ik70694.uk-south.azure.snowflakecomputing.com, account: ik70694, accessUrl: https://ik70694.uk-south.azure.snowflakecomputing.com, user: FEEDBACK_SVC, role: undefined, database: APP_BACKEND_PROD, schema: COLLECTION, warehouse: COMPUTE_WH, proxy was not configured, password is not provided, region: uk-south.azure, authenticator: SNOWFLAKE_JWT, ocsp mode: FAIL_OPEN, os: win32, os version: 10.0.26200"}
{"level":"INFO","message":"[6:22:37.762 PM]: Connection[id: 503c9d77-a9d3-4697-b8fe-1ea8bd073d46] additional details: passcode in password is provided, passcode is not provided, private key is provided, application: undefined, client name: snowflake-sdk, client version: 2.4.0, retry timeout: 300, private key path: undefined, private key pass is not provided, client store temporary credential: false, browser response timeout: 120000"}
{"level":"INFO","message":"[6:22:37.763 PM]: Connection[id: 503c9d77-a9d3-4697-b8fe-1ea8bd073d46] - connection object created successfully."}
{"level":"INFO","message":"[6:22:37.763 PM]: Connection[id: 503c9d77-a9d3-4697-b8fe-1ea8bd073d46] - async connecting. Associated Snowflake domain: GLOBAL"}
{"level":"INFO","message":"[6:22:37.771 PM]: Connection[id: 503c9d77-a9d3-4697-b8fe-1ea8bd073d46] - authentication successful using: SNOWFLAKE_JWT"}
{"level":"INFO","message":"[6:22:38.091 PM]: Connection[id: 503c9d77-a9d3-4697-b8fe-1ea8bd073d46] - connection established successfully after 327.09 milliseconds"}
{"level":"INFO","message":"[6:22:38.845 PM]: Creating new connection object"}
{"level":"INFO","message":"[6:22:38.846 PM]: Creating Connection[id: 9f3c54f7-0775-4fe6-907b-27ce3000f22f] with host: ik70694.uk-south.azure.snowflakecomputing.com, account: ik70694, accessUrl: https://ik70694.uk-south.azure.snowflakecomputing.com, user: FEEDBACK_SVC, role: undefined, database: APP_BACKEND_PROD, schema: COLLECTION, warehouse: COMPUTE_WH, proxy was not configured, password is not provided, region: uk-south.azure, authenticator: SNOWFLAKE_JWT, ocsp mode: FAIL_OPEN, os: win32, os version: 10.0.26200"}
{"level":"INFO","message":"[6:22:38.847 PM]: Connection[id: 9f3c54f7-0775-4fe6-907b-27ce3000f22f] additional details: passcode in password is provided, passcode is not provided, private key is provided, application: undefined, client name: snowflake-sdk, client version: 2.4.0, retry timeout: 300, private key path: undefined, private key pass is not provided, client store temporary credential: false, browser response timeout: 120000"}
{"level":"INFO","message":"[6:22:38.847 PM]: Connection[id: 9f3c54f7-0775-4fe6-907b-27ce3000f22f] - connection object created successfully."}
{"level":"INFO","message":"[6:22:38.848 PM]: Connection[id: 9f3c54f7-0775-4fe6-907b-27ce3000f22f] - async connecting. Associated Snowflake domain: GLOBAL"}
{"level":"INFO","message":"[6:22:38.851 PM]: Connection[id: 9f3c54f7-0775-4fe6-907b-27ce3000f22f] - authentication successful using: SNOWFLAKE_JWT"}
{"level":"INFO","message":"[6:22:38.920 PM]: Connection[id: 9f3c54f7-0775-4fe6-907b-27ce3000f22f] - connection established successfully after 71.75 milliseconds"}
{"level":"INFO","message":"[6:23:49.827 PM]: Creating new connection object"}
{"level":"INFO","message":"[6:23:49.828 PM]: Creating Connection[id: 061e0ab3-fd8d-4b63-863a-52384f39a5f2] with host: ik70694.uk-south.azure.snowflakecomputing.com, account: ik70694, accessUrl: https://ik70694.uk-south.azure.snowflakecomputing.com, user: FEEDBACK_SVC, role: undefined, database: APP_BACKEND_PROD, schema: COLLECTION, warehouse: COMPUTE_WH, proxy was not configured, password is not provided, region: uk-south.azure, authenticator: SNOWFLAKE_JWT, ocsp mode: FAIL_OPEN, os: win32, os version: 10.0.26200"}
{"level":"INFO","message":"[6:23:49.828 PM]: Connection[id: 061e0ab3-fd8d-4b63-863a-52384f39a5f2] additional details: passcode in password is provided, passcode is not provided, private key is provided, application: undefined, client name: snowflake-sdk, client version: 2.4.0, retry timeout: 300, private key path: undefined, private key pass is not provided, client store temporary credential: false, browser response timeout: 120000"}
{"level":"INFO","message":"[6:23:49.828 PM]: Connection[id: 061e0ab3-fd8d-4b63-863a-52384f39a5f2] - connection object created successfully."}
{"level":"INFO","message":"[6:23:49.828 PM]: Connection[id: 061e0ab3-fd8d-4b63-863a-52384f39a5f2] - async connecting. Associated Snowflake domain: GLOBAL"}
{"level":"INFO","message":"[6:23:49.833 PM]: Connection[id: 061e0ab3-fd8d-4b63-863a-52384f39a5f2] - authentication successful using: SNOWFLAKE_JWT"}
{"level":"INFO","message":"[6:23:49.922 PM]: Connection[id: 061e0ab3-fd8d-4b63-863a-52384f39a5f2] - connection established successfully after 93.42 milliseconds"}
{"level":"INFO","message":"[6:24:49.348 PM]: Creating new connection object"}
{"level":"INFO","message":"[6:24:49.351 PM]: Creating Connection[id: f9331390-42bf-457c-9d49-1d6ab29ae36f] with host: ik70694.uk-south.azure.snowflakecomputing.com, account: ik70694, accessUrl: https://ik70694.uk-south.azure.snowflakecomputing.com, user: FEEDBACK_SVC, role: undefined, database: APP_BACKEND_PROD, schema: COLLECTION, warehouse: COMPUTE_WH, proxy was not configured, password is not provided, region: uk-south.azure, authenticator: SNOWFLAKE_JWT, ocsp mode: FAIL_OPEN, os: win32, os version: 10.0.26200"}
{"level":"INFO","message":"[6:24:49.351 PM]: Connection[id: f9331390-42bf-457c-9d49-1d6ab29ae36f] additional details: passcode in password is provided, passcode is not provided, private key is provided, application: undefined, client name: snowflake-sdk, client version: 2.4.0, retry timeout: 300, private key path: undefined, private key pass is not provided, client store temporary credential: false, browser response timeout: 120000"}
{"level":"INFO","message":"[6:24:49.351 PM]: Connection[id: f9331390-42bf-457c-9d49-1d6ab29ae36f] - connection object created successfully."}
{"level":"INFO","message":"[6:24:49.351 PM]: Connection[id: f9331390-42bf-457c-9d49-1d6ab29ae36f] - async connecting. Associated Snowflake domain: GLOBAL"}
{"level":"INFO","message":"[6:24:49.357 PM]: Connection[id: f9331390-42bf-457c-9d49-1d6ab29ae36f] - authentication successful using: SNOWFLAKE_JWT"}
{"level":"INFO","message":"[6:24:49.427 PM]: Connection[id: f9331390-42bf-457c-9d49-1d6ab29ae36f] - connection established successfully after 75.58 milliseconds"}
{"level":"INFO","message":"[6:25:32.516 PM]: Creating new connection object"}
{"level":"INFO","message":"[6:25:32.517 PM]: Creating Connection[id: da5673d4-c5c9-41cb-b69a-c5fe936eef1a] with host: ik70694.uk-south.azure.snowflakecomputing.com, account: ik70694, accessUrl: https://ik70694.uk-south.azure.snowflakecomputing.com, user: FEEDBACK_SVC, role: undefined, database: APP_BACKEND_PROD, schema: COLLECTION, warehouse: COMPUTE_WH, proxy was not configured, password is not provided, region: uk-south.azure, authenticator: SNOWFLAKE_JWT, ocsp mode: FAIL_OPEN, os: win32, os version: 10.0.26200"}
{"level":"INFO","message":"[6:25:32.517 PM]: Connection[id: da5673d4-c5c9-41cb-b69a-c5fe936eef1a] additional details: passcode in password is provided, passcode is not provided, private key is provided, application: undefined, client name: snowflake-sdk, client version: 2.4.0, retry timeout: 300, private key path: undefined, private key pass is not provided, client store temporary credential: false, browser response timeout: 120000"}
{"level":"INFO","message":"[6:25:32.517 PM]: Connection[id: da5673d4-c5c9-41cb-b69a-c5fe936eef1a] - connection object created successfully."}
{"level":"INFO","message":"[6:25:32.517 PM]: Connection[id: da5673d4-c5c9-41cb-b69a-c5fe936eef1a] - async connecting. Associated Snowflake domain: GLOBAL"}
{"level":"INFO","message":"[6:25:32.519 PM]: Connection[id: da5673d4-c5c9-41cb-b69a-c5fe936eef1a] - authentication successful using: SNOWFLAKE_JWT"}
{"level":"INFO","message":"[6:25:32.737 PM]: Connection[id: da5673d4-c5c9-41cb-b69a-c5fe936eef1a] - connection established successfully after 220.16 milliseconds"}
{"level":"INFO","message":"[6:26:02.489 PM]: Creating new connection object"}
{"level":"INFO","message":"[6:26:02.490 PM]: Creating Connection[id: 668cacf5-e9e1-49fb-823c-1f1f45555567] with host: ik70694.uk-south.azure.snowflakecomputing.com, account: ik70694, accessUrl: https://ik70694.uk-south.azure.snowflakecomputing.com, user: FEEDBACK_SVC, role: undefined, database: APP_BACKEND_PROD, schema: COLLECTION, warehouse: COMPUTE_WH, proxy was not configured, password is not provided, region: uk-south.azure, authenticator: SNOWFLAKE_JWT, ocsp mode: FAIL_OPEN, os: win32, os version: 10.0.26200"}
{"level":"INFO","message":"[6:26:02.491 PM]: Connection[id: 668cacf5-e9e1-49fb-823c-1f1f45555567] additional details: passcode in password is provided, passcode is not provided, private key is provided, application: undefined, client name: snowflake-sdk, client version: 2.4.0, retry timeout: 300, private key path: undefined, private key pass is not provided, client store temporary credential: false, browser response timeout: 120000"}
{"level":"INFO","message":"[6:26:02.492 PM]: Connection[id: 668cacf5-e9e1-49fb-823c-1f1f45555567] - connection object created successfully."}
{"level":"INFO","message":"[6:26:02.492 PM]: Connection[id: 668cacf5-e9e1-49fb-823c-1f1f45555567] - async connecting. Associated Snowflake domain: GLOBAL"}
{"level":"INFO","message":"[6:26:02.496 PM]: Connection[id: 668cacf5-e9e1-49fb-823c-1f1f45555567] - authentication successful using: SNOWFLAKE_JWT"}
{"level":"INFO","message":"[6:26:02.559 PM]: Connection[id: 668cacf5-e9e1-49fb-823c-1f1f45555567] - connection established successfully after 66.62 milliseconds"}
{"level":"INFO","message":"[6:27:02.492 PM]: Creating new connection object"}
{"level":"INFO","message":"[6:27:02.493 PM]: Creating Connection[id: f91f7f70-4bee-4a25-a0d5-7c6717246ec0] with host: ik70694.uk-south.azure.snowflakecomputing.com, account: ik70694, accessUrl: https://ik70694.uk-south.azure.snowflakecomputing.com, user: FEEDBACK_SVC, role: undefined, database: APP_BACKEND_PROD, schema: COLLECTION, warehouse: COMPUTE_WH, proxy was not configured, password is not provided, region: uk-south.azure, authenticator: SNOWFLAKE_JWT, ocsp mode: FAIL_OPEN, os: win32, os version: 10.0.26200"}
{"level":"INFO","message":"[6:27:02.493 PM]: Connection[id: f91f7f70-4bee-4a25-a0d5-7c6717246ec0] additional details: passcode in password is provided, passcode is not provided, private key is provided, application: undefined, client name: snowflake-sdk, client version: 2.4.0, retry timeout: 300, private key path: undefined, private key pass is not provided, client store temporary credential: false, browser response timeout: 120000"}
{"level":"INFO","message":"[6:27:02.494 PM]: Connection[id: f91f7f70-4bee-4a25-a0d5-7c6717246ec0] - connection object created successfully."}
{"level":"INFO","message":"[6:27:02.494 PM]: Connection[id: f91f7f70-4bee-4a25-a0d5-7c6717246ec0] - async connecting. Associated Snowflake domain: GLOBAL"}
{"level":"INFO","message":"[6:27:02.495 PM]: Connection[id: f91f7f70-4bee-4a25-a0d5-7c6717246ec0] - authentication successful using: SNOWFLAKE_JWT"}
{"level":"INFO","message":"[6:27:02.768 PM]: Connection[id: f91f7f70-4bee-4a25-a0d5-7c6717246ec0] - connection established successfully after 274.74 milliseconds"}
{"level":"INFO","message":"[6:27:32.804 PM]: Creating new connection object"}
{"level":"INFO","message":"[6:27:32.806 PM]: Creating Connection[id: 5c7080d7-7d64-4539-b7ba-6043e79c61b1] with host: ik70694.uk-south.azure.snowflakecomputing.com, account: ik70694, accessUrl: https://ik70694.uk-south.azure.snowflakecomputing.com, user: FEEDBACK_SVC, role: undefined, database: APP_BACKEND_PROD, schema: COLLECTION, warehouse: COMPUTE_WH, proxy was not configured, password is not provided, region: uk-south.azure, authenticator: SNOWFLAKE_JWT, ocsp mode: FAIL_OPEN, os: win32, os version: 10.0.26200"}
{"level":"INFO","message":"[6:27:32.807 PM]: Connection[id: 5c7080d7-7d64-4539-b7ba-6043e79c61b1] additional details: passcode in password is provided, passcode is not provided, private key is provided, application: undefined, client name: snowflake-sdk, client version: 2.4.0, retry timeout: 300, private key path: undefined, private key pass is not provided, client store temporary credential: false, browser response timeout: 120000"}
{"level":"INFO","message":"[6:27:32.807 PM]: Connection[id: 5c7080d7-7d64-4539-b7ba-6043e79c61b1] - connection object created successfully."}
{"level":"INFO","message":"[6:27:32.807 PM]: Connection[id: 5c7080d7-7d64-4539-b7ba-6043e79c61b1] - async connecting. Associated Snowflake domain: GLOBAL"}
{"level":"INFO","message":"[6:27:32.810 PM]: Connection[id: 5c7080d7-7d64-4539-b7ba-6043e79c61b1] - authentication successful using: SNOWFLAKE_JWT"}
{"level":"INFO","message":"[6:27:32.863 PM]: Connection[id: 5c7080d7-7d64-4539-b7ba-6043e79c61b1] - connection established successfully after 55.97 milliseconds"}
{"level":"INFO","message":"[6:27:49.921 PM]: Creating new connection object"}
{"level":"INFO","message":"[6:27:49.922 PM]: Creating Connection[id: 5963cfd9-0ef1-4c6b-9cdb-8abbec534703] with host: ik70694.uk-south.azure.snowflakecomputing.com, account: ik70694, accessUrl: https://ik70694.uk-south.azure.snowflakecomputing.com, user: FEEDBACK_SVC, role: undefined, database: APP_BACKEND_PROD, schema: COLLECTION, warehouse: COMPUTE_WH, proxy was not configured, password is not provided, region: uk-south.azure, authenticator: SNOWFLAKE_JWT, ocsp mode: FAIL_OPEN, os: win32, os version: 10.0.26200"}
{"level":"INFO","message":"[6:27:49.922 PM]: Connection[id: 5963cfd9-0ef1-4c6b-9cdb-8abbec534703] additional details: passcode in password is provided, passcode is not provided, private key is provided, application: undefined, client name: snowflake-sdk, client version: 2.4.0, retry timeout: 300, private key path: undefined, private key pass is not provided, client store temporary credential: false, browser response timeout: 120000"}
{"level":"INFO","message":"[6:27:49.923 PM]: Connection[id: 5963cfd9-0ef1-4c6b-9cdb-8abbec534703] - connection object created successfully."}
{"level":"INFO","message":"[6:27:49.923 PM]: Connection[id: 5963cfd9-0ef1-4c6b-9cdb-8abbec534703] - async connecting. Associated Snowflake domain: GLOBAL"}
{"level":"INFO","message":"[6:27:49.925 PM]: Connection[id: 5963cfd9-0ef1-4c6b-9cdb-8abbec534703] - authentication successful using: SNOWFLAKE_JWT"}
{"level":"INFO","message":"[6:27:50.000 PM]: Connection[id: 5963cfd9-0ef1-4c6b-9cdb-8abbec534703] - connection established successfully after 77.55 milliseconds"}
{"level":"INFO","message":"[6:29:42.564 PM]: Creating new connection object"}
{"level":"INFO","message":"[6:29:42.566 PM]: Creating Connection[id: 2e53129e-d49e-45cd-b8cc-ceaebbb3f06f] with host: ik70694.uk-south.azure.snowflakecomputing.com, account: ik70694, accessUrl: https://ik70694.uk-south.azure.snowflakecomputing.com, user: FEEDBACK_SVC, role: undefined, database: APP_BACKEND_PROD, schema: COLLECTION, warehouse: COMPUTE_WH, proxy was not configured, password is not provided, region: uk-south.azure, authenticator: SNOWFLAKE_JWT, ocsp mode: FAIL_OPEN, os: win32, os version: 10.0.26200"}
{"level":"INFO","message":"[6:29:42.566 PM]: Connection[id: 2e53129e-d49e-45cd-b8cc-ceaebbb3f06f] additional details: passcode in password is provided, passcode is not provided, private key is provided, application: undefined, client name: snowflake-sdk, client version: 2.4.0, retry timeout: 300, private key path: undefined, private key pass is not provided, client store temporary credential: false, browser response timeout: 120000"}
{"level":"INFO","message":"[6:29:42.566 PM]: Connection[id: 2e53129e-d49e-45cd-b8cc-ceaebbb3f06f] - connection object created successfully."}
{"level":"INFO","message":"[6:29:42.566 PM]: Connection[id: 2e53129e-d49e-45cd-b8cc-ceaebbb3f06f] - async connecting. Associated Snowflake domain: GLOBAL"}
{"level":"INFO","message":"[6:29:42.569 PM]: Connection[id: 2e53129e-d49e-45cd-b8cc-ceaebbb3f06f] - authentication successful using: SNOWFLAKE_JWT"}
{"level":"INFO","message":"[6:29:42.638 PM]: Connection[id: 2e53129e-d49e-45cd-b8cc-ceaebbb3f06f] - connection established successfully after 71.16 milliseconds"}
{"level":"INFO","message":"[6:30:45.646 PM]: Creating new connection object"}
{"level":"INFO","message":"[6:30:45.646 PM]: Creating Connection[id: 0f677601-12f4-4166-8222-1a0e6c14038a] with host: ik70694.uk-south.azure.snowflakecomputing.com, account: ik70694, accessUrl: https://ik70694.uk-south.azure.snowflakecomputing.com, user: FEEDBACK_SVC, role: undefined, database: APP_BACKEND_PROD, schema: COLLECTION, warehouse: COMPUTE_WH, proxy was not configured, password is not provided, region: uk-south.azure, authenticator: SNOWFLAKE_JWT, ocsp mode: FAIL_OPEN, os: win32, os version: 10.0.26200"}
{"level":"INFO","message":"[6:30:45.647 PM]: Connection[id: 0f677601-12f4-4166-8222-1a0e6c14038a] additional details: passcode in password is provided, passcode is not provided, private key is provided, application: undefined, client name: snowflake-sdk, client version: 2.4.0, retry timeout: 300, private key path: undefined, private key pass is not provided, client store temporary credential: false, browser response timeout: 120000"}
{"level":"INFO","message":"[6:30:45.647 PM]: Connection[id: 0f677601-12f4-4166-8222-1a0e6c14038a] - connection object created successfully."}
{"level":"INFO","message":"[6:30:45.647 PM]: Connection[id: 0f677601-12f4-4166-8222-1a0e6c14038a] - async connecting. Associated Snowflake domain: GLOBAL"}
{"level":"INFO","message":"[6:30:45.648 PM]: Connection[id: 0f677601-12f4-4166-8222-1a0e6c14038a] - authentication successful using: SNOWFLAKE_JWT"}
{"level":"INFO","message":"[6:30:46.079 PM]: Connection[id: 0f677601-12f4-4166-8222-1a0e6c14038a] - connection established successfully after 431.77 milliseconds"}
{"level":"INFO","message":"[6:30:50.312 PM]: Creating new connection object"}
{"level":"INFO","message":"[6:30:50.312 PM]: Creating Connection[id: 3402ae67-c91a-4daf-b786-f0eeda8cc75c] with host: ik70694.uk-south.azure.snowflakecomputing.com, account: ik70694, accessUrl: https://ik70694.uk-south.azure.snowflakecomputing.com, user: FEEDBACK_SVC, role: undefined, database: APP_BACKEND_PROD, schema: COLLECTION, warehouse: COMPUTE_WH, proxy was not configured, password is not provided, region: uk-south.azure, authenticator: SNOWFLAKE_JWT, ocsp mode: FAIL_OPEN, os: win32, os version: 10.0.26200"}
{"level":"INFO","message":"[6:30:50.313 PM]: Connection[id: 3402ae67-c91a-4daf-b786-f0eeda8cc75c] additional details: passcode in password is provided, passcode is not provided, private key is provided, application: undefined, client name: snowflake-sdk, client version: 2.4.0, retry timeout: 300, private key path: undefined, private key pass is not provided, client store temporary credential: false, browser response timeout: 120000"}
{"level":"INFO","message":"[6:30:50.313 PM]: Connection[id: 3402ae67-c91a-4daf-b786-f0eeda8cc75c] - connection object created successfully."}
{"level":"INFO","message":"[6:30:50.313 PM]: Connection[id: 3402ae67-c91a-4daf-b786-f0eeda8cc75c] - async connecting. Associated Snowflake domain: GLOBAL"}
{"level":"INFO","message":"[6:30:50.314 PM]: Connection[id: 3402ae67-c91a-4daf-b786-f0eeda8cc75c] - authentication successful using: SNOWFLAKE_JWT"}
{"level":"INFO","message":"[6:30:50.382 PM]: Connection[id: 3402ae67-c91a-4daf-b786-f0eeda8cc75c] - connection established successfully after 69.48 milliseconds"}
{"level":"INFO","message":"[6:32:05.894 PM]: Creating new connection object"}
{"level":"INFO","message":"[6:32:05.896 PM]: Creating Connection[id: 653b2f34-5d37-4f7c-a307-c014fcf0c76f] with host: ik70694.uk-south.azure.snowflakecomputing.com, account: ik70694, accessUrl: https://ik70694.uk-south.azure.snowflakecomputing.com, user: FEEDBACK_SVC, role: undefined, database: APP_BACKEND_PROD, schema: COLLECTION, warehouse: COMPUTE_WH, proxy was not configured, password is not provided, region: uk-south.azure, authenticator: SNOWFLAKE_JWT, ocsp mode: FAIL_OPEN, os: win32, os version: 10.0.26200"}
{"level":"INFO","message":"[6:32:05.896 PM]: Connection[id: 653b2f34-5d37-4f7c-a307-c014fcf0c76f] additional details: passcode in password is provided, passcode is not provided, private key is provided, application: undefined, client name: snowflake-sdk, client version: 2.4.0, retry timeout: 300, private key path: undefined, private key pass is not provided, client store temporary credential: false, browser response timeout: 120000"}
{"level":"INFO","message":"[6:32:05.896 PM]: Connection[id: 653b2f34-5d37-4f7c-a307-c014fcf0c76f] - connection object created successfully."}
{"level":"INFO","message":"[6:32:05.897 PM]: Connection[id: 653b2f34-5d37-4f7c-a307-c014fcf0c76f] - async connecting. Associated Snowflake domain: GLOBAL"}
{"level":"INFO","message":"[6:32:05.899 PM]: Connection[id: 653b2f34-5d37-4f7c-a307-c014fcf0c76f] - authentication successful using: SNOWFLAKE_JWT"}
{"level":"INFO","message":"[6:32:05.980 PM]: Connection[id: 653b2f34-5d37-4f7c-a307-c014fcf0c76f] - connection established successfully after 83.41 milliseconds"}
{"level":"INFO","message":"[6:33:39.119 PM]: Creating new connection object"}
{"level":"INFO","message":"[6:33:39.125 PM]: Creating Connection[id: 0e47d85d-8781-4fb0-8088-8e31e6714eea] with host: ik70694.uk-south.azure.snowflakecomputing.com, account: ik70694, accessUrl: https://ik70694.uk-south.azure.snowflakecomputing.com, user: FEEDBACK_SVC, role: undefined, database: APP_BACKEND_PROD, schema: COLLECTION, warehouse: COMPUTE_WH, proxy was not configured, password is not provided, region: uk-south.azure, authenticator: SNOWFLAKE_JWT, ocsp mode: FAIL_OPEN, os: win32, os version: 10.0.26200"}
{"level":"INFO","message":"[6:33:39.125 PM]: Connection[id: 0e47d85d-8781-4fb0-8088-8e31e6714eea] additional details: passcode in password is provided, passcode is not provided, private key is provided, application: undefined, client name: snowflake-sdk, client version: 2.4.0, retry timeout: 300, private key path: undefined, private key pass is not provided, client store temporary credential: false, browser response timeout: 120000"}
{"level":"INFO","message":"[6:33:39.126 PM]: Connection[id: 0e47d85d-8781-4fb0-8088-8e31e6714eea] - connection object created successfully."}
{"level":"INFO","message":"[6:33:39.126 PM]: Connection[id: 0e47d85d-8781-4fb0-8088-8e31e6714eea] - async connecting. Associated Snowflake domain: GLOBAL"}
{"level":"INFO","message":"[6:33:39.133 PM]: Connection[id: 0e47d85d-8781-4fb0-8088-8e31e6714eea] - authentication successful using: SNOWFLAKE_JWT"}
{"level":"INFO","message":"[6:33:39.210 PM]: Connection[id: 0e47d85d-8781-4fb0-8088-8e31e6714eea] - connection established successfully after 84.25 milliseconds"}
{"level":"INFO","message":"[6:34:39.097 PM]: Creating new connection object"}
{"level":"INFO","message":"[6:34:39.098 PM]: Creating Connection[id: 2e1232fd-2f9a-441c-804a-66ae8eac2148] with host: ik70694.uk-south.azure.snowflakecomputing.com, account: ik70694, accessUrl: https://ik70694.uk-south.azure.snowflakecomputing.com, user: FEEDBACK_SVC, role: undefined, database: APP_BACKEND_PROD, schema: COLLECTION, warehouse: COMPUTE_WH, proxy was not configured, password is not provided, region: uk-south.azure, authenticator: SNOWFLAKE_JWT, ocsp mode: FAIL_OPEN, os: win32, os version: 10.0.26200"}
{"level":"INFO","message":"[6:34:39.098 PM]: Connection[id: 2e1232fd-2f9a-441c-804a-66ae8eac2148] additional details: passcode in password is provided, passcode is not provided, private key is provided, application: undefined, client name: snowflake-sdk, client version: 2.4.0, retry timeout: 300, private key path: undefined, private key pass is not provided, client store temporary credential: false, browser response timeout: 120000"}
{"level":"INFO","message":"[6:34:39.098 PM]: Connection[id: 2e1232fd-2f9a-441c-804a-66ae8eac2148] - connection object created successfully."}
{"level":"INFO","message":"[6:34:39.098 PM]: Connection[id: 2e1232fd-2f9a-441c-804a-66ae8eac2148] - async connecting. Associated Snowflake domain: GLOBAL"}
{"level":"INFO","message":"[6:34:39.100 PM]: Connection[id: 2e1232fd-2f9a-441c-804a-66ae8eac2148] - authentication successful using: SNOWFLAKE_JWT"}
{"level":"INFO","message":"[6:34:39.159 PM]: Connection[id: 2e1232fd-2f9a-441c-804a-66ae8eac2148] - connection established successfully after 60.94 milliseconds"}
{"level":"INFO","message":"[6:35:09.093 PM]: Creating new connection object"}
{"level":"INFO","message":"[6:35:09.094 PM]: Creating Connection[id: a91c715c-88ab-4a4f-b75d-880397f4e42f] with host: ik70694.uk-south.azure.snowflakecomputing.com, account: ik70694, accessUrl: https://ik70694.uk-south.azure.snowflakecomputing.com, user: FEEDBACK_SVC, role: undefined, database: APP_BACKEND_PROD, schema: COLLECTION, warehouse: COMPUTE_WH, proxy was not configured, password is not provided, region: uk-south.azure, authenticator: SNOWFLAKE_JWT, ocsp mode: FAIL_OPEN, os: win32, os version: 10.0.26200"}
{"level":"INFO","message":"[6:35:09.094 PM]: Connection[id: a91c715c-88ab-4a4f-b75d-880397f4e42f] additional details: passcode in password is provided, passcode is not provided, private key is provided, application: undefined, client name: snowflake-sdk, client version: 2.4.0, retry timeout: 300, private key path: undefined, private key pass is not provided, client store temporary credential: false, browser response timeout: 120000"}
{"level":"INFO","message":"[6:35:09.095 PM]: Connection[id: a91c715c-88ab-4a4f-b75d-880397f4e42f] - connection object created successfully."}
{"level":"INFO","message":"[6:35:09.095 PM]: Connection[id: a91c715c-88ab-4a4f-b75d-880397f4e42f] - async connecting. Associated Snowflake domain: GLOBAL"}
{"level":"INFO","message":"[6:35:09.096 PM]: Connection[id: a91c715c-88ab-4a4f-b75d-880397f4e42f] - authentication successful using: SNOWFLAKE_JWT"}
{"level":"INFO","message":"[6:35:09.166 PM]: Connection[id: a91c715c-88ab-4a4f-b75d-880397f4e42f] - connection established successfully after 71.15 milliseconds"}
{"level":"INFO","message":"[6:35:33.642 PM]: Creating new connection object"}
{"level":"INFO","message":"[6:35:33.642 PM]: Creating Connection[id: 856aab1d-668c-4a94-a0a4-7d6cfc4a9bdc] with host: ik70694.uk-south.azure.snowflakecomputing.com, account: ik70694, accessUrl: https://ik70694.uk-south.azure.snowflakecomputing.com, user: FEEDBACK_SVC, role: undefined, database: APP_BACKEND_PROD, schema: COLLECTION, warehouse: COMPUTE_WH, proxy was not configured, password is not provided, region: uk-south.azure, authenticator: SNOWFLAKE_JWT, ocsp mode: FAIL_OPEN, os: win32, os version: 10.0.26200"}
{"level":"INFO","message":"[6:35:33.643 PM]: Connection[id: 856aab1d-668c-4a94-a0a4-7d6cfc4a9bdc] additional details: passcode in password is provided, passcode is not provided, private key is provided, application: undefined, client name: snowflake-sdk, client version: 2.4.0, retry timeout: 300, private key path: undefined, private key pass is not provided, client store temporary credential: false, browser response timeout: 120000"}
{"level":"INFO","message":"[6:35:33.643 PM]: Connection[id: 856aab1d-668c-4a94-a0a4-7d6cfc4a9bdc] - connection object created successfully."}
{"level":"INFO","message":"[6:35:33.643 PM]: Connection[id: 856aab1d-668c-4a94-a0a4-7d6cfc4a9bdc] - async connecting. Associated Snowflake domain: GLOBAL"}
{"level":"INFO","message":"[6:35:33.645 PM]: Connection[id: 856aab1d-668c-4a94-a0a4-7d6cfc4a9bdc] - authentication successful using: SNOWFLAKE_JWT"}
{"level":"INFO","message":"[6:35:33.705 PM]: Connection[id: 856aab1d-668c-4a94-a0a4-7d6cfc4a9bdc] - connection established successfully after 61.92 milliseconds"}
{"level":"INFO","message":"[6:36:07.317 PM]: Creating new connection object"}
{"level":"INFO","message":"[6:36:07.317 PM]: Creating Connection[id: f5258e8b-ecc1-4a31-8e00-4d6bd2d64298] with host: ik70694.uk-south.azure.snowflakecomputing.com, account: ik70694, accessUrl: https://ik70694.uk-south.azure.snowflakecomputing.com, user: FEEDBACK_SVC, role: undefined, database: APP_BACKEND_PROD, schema: COLLECTION, warehouse: COMPUTE_WH, proxy was not configured, password is not provided, region: uk-south.azure, authenticator: SNOWFLAKE_JWT, ocsp mode: FAIL_OPEN, os: win32, os version: 10.0.26200"}
{"level":"INFO","message":"[6:36:07.318 PM]: Connection[id: f5258e8b-ecc1-4a31-8e00-4d6bd2d64298] additional details: passcode in password is provided, passcode is not provided, private key is provided, application: undefined, client name: snowflake-sdk, client version: 2.4.0, retry timeout: 300, private key path: undefined, private key pass is not provided, client store temporary credential: false, browser response timeout: 120000"}
{"level":"INFO","message":"[6:36:07.318 PM]: Connection[id: f5258e8b-ecc1-4a31-8e00-4d6bd2d64298] - connection object created successfully."}
{"level":"INFO","message":"[6:36:07.318 PM]: Connection[id: f5258e8b-ecc1-4a31-8e00-4d6bd2d64298] - async connecting. Associated Snowflake domain: GLOBAL"}
{"level":"INFO","message":"[6:36:07.320 PM]: Connection[id: f5258e8b-ecc1-4a31-8e00-4d6bd2d64298] - authentication successful using: SNOWFLAKE_JWT"}
{"level":"INFO","message":"[6:36:07.533 PM]: Connection[id: f5258e8b-ecc1-4a31-8e00-4d6bd2d64298] - connection established successfully after 214.57 milliseconds"}
{"level":"INFO","message":"[6:36:52.256 PM]: Creating new connection object"}
{"level":"INFO","message":"[6:36:52.257 PM]: Creating Connection[id: 268e40fd-da1d-492b-bb83-4b390727e6fb] with host: ik70694.uk-south.azure.snowflakecomputing.com, account: ik70694, accessUrl: https://ik70694.uk-south.azure.snowflakecomputing.com, user: FEEDBACK_SVC, role: undefined, database: APP_BACKEND_PROD, schema: COLLECTION, warehouse: COMPUTE_WH, proxy was not configured, password is not provided, region: uk-south.azure, authenticator: SNOWFLAKE_JWT, ocsp mode: FAIL_OPEN, os: win32, os version: 10.0.26200"}
{"level":"INFO","message":"[6:36:52.259 PM]: Connection[id: 268e40fd-da1d-492b-bb83-4b390727e6fb] additional details: passcode in password is provided, passcode is not provided, private key is provided, application: undefined, client name: snowflake-sdk, client version: 2.4.0, retry timeout: 300, private key path: undefined, private key pass is not provided, client store temporary credential: false, browser response timeout: 120000"}
{"level":"INFO","message":"[6:36:52.259 PM]: Connection[id: 268e40fd-da1d-492b-bb83-4b390727e6fb] - connection object created successfully."}
{"level":"INFO","message":"[6:36:52.259 PM]: Connection[id: 268e40fd-da1d-492b-bb83-4b390727e6fb] - async connecting. Associated Snowflake domain: GLOBAL"}
{"level":"INFO","message":"[6:36:52.262 PM]: Connection[id: 268e40fd-da1d-492b-bb83-4b390727e6fb] - authentication successful using: SNOWFLAKE_JWT"}
{"level":"INFO","message":"[6:36:52.336 PM]: Connection[id: 268e40fd-da1d-492b-bb83-4b390727e6fb] - connection established successfully after 76.89 milliseconds"}
{"level":"INFO","message":"[6:38:02.695 PM]: Creating new connection object"}
{"level":"INFO","message":"[6:38:02.697 PM]: Creating Connection[id: 3d4271c2-1788-4908-9b4e-95d436c698c5] with host: ik70694.uk-south.azure.snowflakecomputing.com, account: ik70694, accessUrl: https://ik70694.uk-south.azure.snowflakecomputing.com, user: FEEDBACK_SVC, role: undefined, database: APP_BACKEND_PROD, schema: COLLECTION, warehouse: COMPUTE_WH, proxy was not configured, password is not provided, region: uk-south.azure, authenticator: SNOWFLAKE_JWT, ocsp mode: FAIL_OPEN, os: win32, os version: 10.0.26200"}
{"level":"INFO","message":"[6:38:02.698 PM]: Connection[id: 3d4271c2-1788-4908-9b4e-95d436c698c5] additional details: passcode in password is provided, passcode is not provided, private key is provided, application: undefined, client name: snowflake-sdk, client version: 2.4.0, retry timeout: 300, private key path: undefined, private key pass is not provided, client store temporary credential: false, browser response timeout: 120000"}
{"level":"INFO","message":"[6:38:02.698 PM]: Connection[id: 3d4271c2-1788-4908-9b4e-95d436c698c5] - connection object created successfully."}
{"level":"INFO","message":"[6:38:02.698 PM]: Connection[id: 3d4271c2-1788-4908-9b4e-95d436c698c5] - async connecting. Associated Snowflake domain: GLOBAL"}
{"level":"INFO","message":"[6:38:02.700 PM]: Connection[id: 3d4271c2-1788-4908-9b4e-95d436c698c5] - authentication successful using: SNOWFLAKE_JWT"}
{"level":"INFO","message":"[6:38:02.766 PM]: Connection[id: 3d4271c2-1788-4908-9b4e-95d436c698c5] - connection established successfully after 68.48 milliseconds"}
{"level":"INFO","message":"[6:39:10.449 PM]: Creating new connection object"}
{"level":"INFO","message":"[6:39:10.450 PM]: Creating Connection[id: 27f76474-b917-4eab-89c6-430659617414] with host: ik70694.uk-south.azure.snowflakecomputing.com, account: ik70694, accessUrl: https://ik70694.uk-south.azure.snowflakecomputing.com, user: FEEDBACK_SVC, role: undefined, database: APP_BACKEND_PROD, schema: COLLECTION, warehouse: COMPUTE_WH, proxy was not configured, password is not provided, region: uk-south.azure, authenticator: SNOWFLAKE_JWT, ocsp mode: FAIL_OPEN, os: win32, os version: 10.0.26200"}
{"level":"INFO","message":"[6:39:10.452 PM]: Connection[id: 27f76474-b917-4eab-89c6-430659617414] additional details: passcode in password is provided, passcode is not provided, private key is provided, application: undefined, client name: snowflake-sdk, client version: 2.4.0, retry timeout: 300, private key path: undefined, private key pass is not provided, client store temporary credential: false, browser response timeout: 120000"}
{"level":"INFO","message":"[6:39:10.453 PM]: Connection[id: 27f76474-b917-4eab-89c6-430659617414] - connection object created successfully."}
{"level":"INFO","message":"[6:39:10.453 PM]: Connection[id: 27f76474-b917-4eab-89c6-430659617414] - async connecting. Associated Snowflake domain: GLOBAL"}
{"level":"INFO","message":"[6:39:10.468 PM]: Connection[id: 27f76474-b917-4eab-89c6-430659617414] - authentication successful using: SNOWFLAKE_JWT"}
{"level":"INFO","message":"[6:39:10.721 PM]: Connection[id: 27f76474-b917-4eab-89c6-430659617414] - connection established successfully after 267.9 milliseconds"}
{"level":"INFO","message":"[6:41:02.988 PM]: Creating new connection object"}
{"level":"INFO","message":"[6:41:02.989 PM]: Creating Connection[id: ada2d91e-e5b2-40fa-be4b-7e5f006a8b39] with host: ik70694.uk-south.azure.snowflakecomputing.com, account: ik70694, accessUrl: https://ik70694.uk-south.azure.snowflakecomputing.com, user: FEEDBACK_SVC, role: undefined, database: APP_BACKEND_PROD, schema: COLLECTION, warehouse: COMPUTE_WH, proxy was not configured, password is not provided, region: uk-south.azure, authenticator: SNOWFLAKE_JWT, ocsp mode: FAIL_OPEN, os: win32, os version: 10.0.26200"}
{"level":"INFO","message":"[6:41:02.991 PM]: Connection[id: ada2d91e-e5b2-40fa-be4b-7e5f006a8b39] additional details: passcode in password is provided, passcode is not provided, private key is provided, application: undefined, client name: snowflake-sdk, client version: 2.4.0, retry timeout: 300, private key path: undefined, private key pass is not provided, client store temporary credential: false, browser response timeout: 120000"}
{"level":"INFO","message":"[6:41:02.992 PM]: Connection[id: ada2d91e-e5b2-40fa-be4b-7e5f006a8b39] - connection object created successfully."}
{"level":"INFO","message":"[6:41:02.993 PM]: Connection[id: ada2d91e-e5b2-40fa-be4b-7e5f006a8b39] - async connecting. Associated Snowflake domain: GLOBAL"}
{"level":"INFO","message":"[6:41:02.999 PM]: Connection[id: ada2d91e-e5b2-40fa-be4b-7e5f006a8b39] - authentication successful using: SNOWFLAKE_JWT"}
{"level":"INFO","message":"[6:41:03.069 PM]: Connection[id: ada2d91e-e5b2-40fa-be4b-7e5f006a8b39] - connection established successfully after 76.54 milliseconds"}
{"level":"INFO","message":"[6:41:43.645 PM]: Creating new connection object"}
{"level":"INFO","message":"[6:41:43.645 PM]: Creating Connection[id: 5f50762f-8900-4bcb-9163-b41751adf11b] with host: ik70694.uk-south.azure.snowflakecomputing.com, account: ik70694, accessUrl: https://ik70694.uk-south.azure.snowflakecomputing.com, user: FEEDBACK_SVC, role: undefined, database: APP_BACKEND_PROD, schema: COLLECTION, warehouse: COMPUTE_WH, proxy was not configured, password is not provided, region: uk-south.azure, authenticator: SNOWFLAKE_JWT, ocsp mode: FAIL_OPEN, os: win32, os version: 10.0.26200"}
{"level":"INFO","message":"[6:41:43.645 PM]: Connection[id: 5f50762f-8900-4bcb-9163-b41751adf11b] additional details: passcode in password is provided, passcode is not provided, private key is provided, application: undefined, client name: snowflake-sdk, client version: 2.4.0, retry timeout: 300, private key path: undefined, private key pass is not provided, client store temporary credential: false, browser response timeout: 120000"}
{"level":"INFO","message":"[6:41:43.646 PM]: Connection[id: 5f50762f-8900-4bcb-9163-b41751adf11b] - connection object created successfully."}
{"level":"INFO","message":"[6:41:43.646 PM]: Connection[id: 5f50762f-8900-4bcb-9163-b41751adf11b] - async connecting. Associated Snowflake domain: GLOBAL"}
{"level":"INFO","message":"[6:41:43.648 PM]: Connection[id: 5f50762f-8900-4bcb-9163-b41751adf11b] - authentication successful using: SNOWFLAKE_JWT"}
{"level":"INFO","message":"[6:41:43.707 PM]: Connection[id: 5f50762f-8900-4bcb-9163-b41751adf11b] - connection established successfully after 61.11 milliseconds"}
{"level":"INFO","message":"[6:42:21.266 PM]: Creating new connection object"}
{"level":"INFO","message":"[6:42:21.266 PM]: Creating Connection[id: 196b33b7-2f69-49ce-9bcc-b803ba49efda] with host: ik70694.uk-south.azure.snowflakecomputing.com, account: ik70694, accessUrl: https://ik70694.uk-south.azure.snowflakecomputing.com, user: FEEDBACK_SVC, role: undefined, database: APP_BACKEND_PROD, schema: COLLECTION, warehouse: COMPUTE_WH, proxy was not configured, password is not provided, region: uk-south.azure, authenticator: SNOWFLAKE_JWT, ocsp mode: FAIL_OPEN, os: win32, os version: 10.0.26200"}
{"level":"INFO","message":"[6:42:21.266 PM]: Connection[id: 196b33b7-2f69-49ce-9bcc-b803ba49efda] additional details: passcode in password is provided, passcode is not provided, private key is provided, application: undefined, client name: snowflake-sdk, client version: 2.4.0, retry timeout: 300, private key path: undefined, private key pass is not provided, client store temporary credential: false, browser response timeout: 120000"}
{"level":"INFO","message":"[6:42:21.267 PM]: Connection[id: 196b33b7-2f69-49ce-9bcc-b803ba49efda] - connection object created successfully."}
{"level":"INFO","message":"[6:42:21.267 PM]: Connection[id: 196b33b7-2f69-49ce-9bcc-b803ba49efda] - async connecting. Associated Snowflake domain: GLOBAL"}
{"level":"INFO","message":"[6:42:21.268 PM]: Connection[id: 196b33b7-2f69-49ce-9bcc-b803ba49efda] - authentication successful using: SNOWFLAKE_JWT"}
{"level":"INFO","message":"[6:42:21.442 PM]: Connection[id: 196b33b7-2f69-49ce-9bcc-b803ba49efda] - connection established successfully after 174.74 milliseconds"}
{"level":"INFO","message":"[6:44:40.664 PM]: Creating new connection object"}
{"level":"INFO","message":"[6:44:40.665 PM]: Creating Connection[id: 5c2136d1-cdd6-4a83-bb78-9dae89792ce3] with host: ik70694.uk-south.azure.snowflakecomputing.com, account: ik70694, accessUrl: https://ik70694.uk-south.azure.snowflakecomputing.com, user: FEEDBACK_SVC, role: undefined, database: APP_BACKEND_PROD, schema: COLLECTION, warehouse: COMPUTE_WH, proxy was not configured, password is not provided, region: uk-south.azure, authenticator: SNOWFLAKE_JWT, ocsp mode: FAIL_OPEN, os: win32, os version: 10.0.26200"}
{"level":"INFO","message":"[6:44:40.665 PM]: Connection[id: 5c2136d1-cdd6-4a83-bb78-9dae89792ce3] additional details: passcode in password is provided, passcode is not provided, private key is provided, application: undefined, client name: snowflake-sdk, client version: 2.4.0, retry timeout: 300, private key path: undefined, private key pass is not provided, client store temporary credential: false, browser response timeout: 120000"}
{"level":"INFO","message":"[6:44:40.665 PM]: Connection[id: 5c2136d1-cdd6-4a83-bb78-9dae89792ce3] - connection object created successfully."}
{"level":"INFO","message":"[6:44:40.665 PM]: Connection[id: 5c2136d1-cdd6-4a83-bb78-9dae89792ce3] - async connecting. Associated Snowflake domain: GLOBAL"}
{"level":"INFO","message":"[6:44:40.667 PM]: Connection[id: 5c2136d1-cdd6-4a83-bb78-9dae89792ce3] - authentication successful using: SNOWFLAKE_JWT"}
{"level":"INFO","message":"[6:44:40.740 PM]: Connection[id: 5c2136d1-cdd6-4a83-bb78-9dae89792ce3] - connection established successfully after 74.37 milliseconds"}
{"level":"INFO","message":"[6:45:05.609 PM]: Creating new connection object"}
{"level":"INFO","message":"[6:45:05.610 PM]: Creating Connection[id: 5e19c829-7472-48e5-8c5b-a60ddda4e988] with host: ik70694.uk-south.azure.snowflakecomputing.com, account: ik70694, accessUrl: https://ik70694.uk-south.azure.snowflakecomputing.com, user: FEEDBACK_SVC, role: undefined, database: APP_BACKEND_PROD, schema: COLLECTION, warehouse: COMPUTE_WH, proxy was not configured, password is not provided, region: uk-south.azure, authenticator: SNOWFLAKE_JWT, ocsp mode: FAIL_OPEN, os: win32, os version: 10.0.26200"}
{"level":"INFO","message":"[6:45:05.610 PM]: Connection[id: 5e19c829-7472-48e5-8c5b-a60ddda4e988] additional details: passcode in password is provided, passcode is not provided, private key is provided, application: undefined, client name: snowflake-sdk, client version: 2.4.0, retry timeout: 300, private key path: undefined, private key pass is not provided, client store temporary credential: false, browser response timeout: 120000"}
{"level":"INFO","message":"[6:45:05.610 PM]: Connection[id: 5e19c829-7472-48e5-8c5b-a60ddda4e988] - connection object created successfully."}
{"level":"INFO","message":"[6:45:05.610 PM]: Connection[id: 5e19c829-7472-48e5-8c5b-a60ddda4e988] - async connecting. Associated Snowflake domain: GLOBAL"}
{"level":"INFO","message":"[6:45:05.612 PM]: Connection[id: 5e19c829-7472-48e5-8c5b-a60ddda4e988] - authentication successful using: SNOWFLAKE_JWT"}
{"level":"INFO","message":"[6:45:05.672 PM]: Connection[id: 5e19c829-7472-48e5-8c5b-a60ddda4e988] - connection established successfully after 61.69 milliseconds"}
{"level":"INFO","message":"[6:45:47.725 PM]: Creating new connection object"}
{"level":"INFO","message":"[6:45:47.726 PM]: Creating Connection[id: 905d22e4-5f99-4a79-a325-5f6e63ffd673] with host: ik70694.uk-south.azure.snowflakecomputing.com, account: ik70694, accessUrl: https://ik70694.uk-south.azure.snowflakecomputing.com, user: FEEDBACK_SVC, role: undefined, database: APP_BACKEND_PROD, schema: COLLECTION, warehouse: COMPUTE_WH, proxy was not configured, password is not provided, region: uk-south.azure, authenticator: SNOWFLAKE_JWT, ocsp mode: FAIL_OPEN, os: win32, os version: 10.0.26200"}
{"level":"INFO","message":"[6:45:47.726 PM]: Connection[id: 905d22e4-5f99-4a79-a325-5f6e63ffd673] additional details: passcode in password is provided, passcode is not provided, private key is provided, application: undefined, client name: snowflake-sdk, client version: 2.4.0, retry timeout: 300, private key path: undefined, private key pass is not provided, client store temporary credential: false, browser response timeout: 120000"}
{"level":"INFO","message":"[6:45:47.726 PM]: Connection[id: 905d22e4-5f99-4a79-a325-5f6e63ffd673] - connection object created successfully."}
{"level":"INFO","message":"[6:45:47.726 PM]: Connection[id: 905d22e4-5f99-4a79-a325-5f6e63ffd673] - async connecting. Associated Snowflake domain: GLOBAL"}
{"level":"INFO","message":"[6:45:47.728 PM]: Connection[id: 905d22e4-5f99-4a79-a325-5f6e63ffd673] - authentication successful using: SNOWFLAKE_JWT"}
{"level":"INFO","message":"[6:45:47.793 PM]: Connection[id: 905d22e4-5f99-4a79-a325-5f6e63ffd673] - connection established successfully after 66.89 milliseconds"}
{"level":"INFO","message":"[6:45:58.768 PM]: Creating new connection object"}
{"level":"INFO","message":"[6:45:58.768 PM]: Creating Connection[id: df7f5294-aac9-4a32-aded-7c3b07f246ab] with host: ik70694.uk-south.azure.snowflakecomputing.com, account: ik70694, accessUrl: https://ik70694.uk-south.azure.snowflakecomputing.com, user: FEEDBACK_SVC, role: undefined, database: APP_BACKEND_PROD, schema: COLLECTION, warehouse: COMPUTE_WH, proxy was not configured, password is not provided, region: uk-south.azure, authenticator: SNOWFLAKE_JWT, ocsp mode: FAIL_OPEN, os: win32, os version: 10.0.26200"}
{"level":"INFO","message":"[6:45:58.768 PM]: Connection[id: df7f5294-aac9-4a32-aded-7c3b07f246ab] additional details: passcode in password is provided, passcode is not provided, private key is provided, application: undefined, client name: snowflake-sdk, client version: 2.4.0, retry timeout: 300, private key path: undefined, private key pass is not provided, client store temporary credential: false, browser response timeout: 120000"}
{"level":"INFO","message":"[6:45:58.769 PM]: Connection[id: df7f5294-aac9-4a32-aded-7c3b07f246ab] - connection object created successfully."}
{"level":"INFO","message":"[6:45:58.769 PM]: Connection[id: df7f5294-aac9-4a32-aded-7c3b07f246ab] - async connecting. Associated Snowflake domain: GLOBAL"}
{"level":"INFO","message":"[6:45:58.770 PM]: Connection[id: df7f5294-aac9-4a32-aded-7c3b07f246ab] - authentication successful using: SNOWFLAKE_JWT"}
{"level":"INFO","message":"[6:45:58.825 PM]: Connection[id: df7f5294-aac9-4a32-aded-7c3b07f246ab] - connection established successfully after 56.23 milliseconds"}
{"level":"INFO","message":"[6:46:28.534 PM]: Creating new connection object"}
{"level":"INFO","message":"[6:46:28.534 PM]: Creating Connection[id: 27a94115-e696-48d5-8eb3-2b06119f48ef] with host: ik70694.uk-south.azure.snowflakecomputing.com, account: ik70694, accessUrl: https://ik70694.uk-south.azure.snowflakecomputing.com, user: FEEDBACK_SVC, role: undefined, database: APP_BACKEND_PROD, schema: COLLECTION, warehouse: COMPUTE_WH, proxy was not configured, password is not provided, region: uk-south.azure, authenticator: SNOWFLAKE_JWT, ocsp mode: FAIL_OPEN, os: win32, os version: 10.0.26200"}
{"level":"INFO","message":"[6:46:28.535 PM]: Connection[id: 27a94115-e696-48d5-8eb3-2b06119f48ef] additional details: passcode in password is provided, passcode is not provided, private key is provided, application: undefined, client name: snowflake-sdk, client version: 2.4.0, retry timeout: 300, private key path: undefined, private key pass is not provided, client store temporary credential: false, browser response timeout: 120000"}
{"level":"INFO","message":"[6:46:28.535 PM]: Connection[id: 27a94115-e696-48d5-8eb3-2b06119f48ef] - connection object created successfully."}
{"level":"INFO","message":"[6:46:28.535 PM]: Connection[id: 27a94115-e696-48d5-8eb3-2b06119f48ef] - async connecting. Associated Snowflake domain: GLOBAL"}
{"level":"INFO","message":"[6:46:28.536 PM]: Connection[id: 27a94115-e696-48d5-8eb3-2b06119f48ef] - authentication successful using: SNOWFLAKE_JWT"}
{"level":"INFO","message":"[6:46:28.586 PM]: Connection[id: 27a94115-e696-48d5-8eb3-2b06119f48ef] - connection established successfully after 50.73 milliseconds"}
{"level":"INFO","message":"[6:46:54.201 PM]: Creating new connection object"}
{"level":"INFO","message":"[6:46:54.202 PM]: Creating Connection[id: 5439a6d5-8703-4206-8066-98c384eb458c] with host: ik70694.uk-south.azure.snowflakecomputing.com, account: ik70694, accessUrl: https://ik70694.uk-south.azure.snowflakecomputing.com, user: FEEDBACK_SVC, role: undefined, database: APP_BACKEND_PROD, schema: COLLECTION, warehouse: COMPUTE_WH, proxy was not configured, password is not provided, region: uk-south.azure, authenticator: SNOWFLAKE_JWT, ocsp mode: FAIL_OPEN, os: win32, os version: 10.0.26200"}
{"level":"INFO","message":"[6:46:54.202 PM]: Connection[id: 5439a6d5-8703-4206-8066-98c384eb458c] additional details: passcode in password is provided, passcode is not provided, private key is provided, application: undefined, client name: snowflake-sdk, client version: 2.4.0, retry timeout: 300, private key path: undefined, private key pass is not provided, client store temporary credential: false, browser response timeout: 120000"}
{"level":"INFO","message":"[6:46:54.202 PM]: Connection[id: 5439a6d5-8703-4206-8066-98c384eb458c] - connection object created successfully."}
{"level":"INFO","message":"[6:46:54.202 PM]: Connection[id: 5439a6d5-8703-4206-8066-98c384eb458c] - async connecting. Associated Snowflake domain: GLOBAL"}
{"level":"INFO","message":"[6:46:54.204 PM]: Connection[id: 5439a6d5-8703-4206-8066-98c384eb458c] - authentication successful using: SNOWFLAKE_JWT"}
{"level":"INFO","message":"[6:46:54.263 PM]: Connection[id: 5439a6d5-8703-4206-8066-98c384eb458c] - connection established successfully after 60.46 milliseconds"}
{"level":"INFO","message":"[6:47:30.627 PM]: Creating new connection object"}
{"level":"INFO","message":"[6:47:30.629 PM]: Creating Connection[id: 48ec54c9-2065-4d0d-b4f8-8199165885a0] with host: ik70694.uk-south.azure.snowflakecomputing.com, account: ik70694, accessUrl: https://ik70694.uk-south.azure.snowflakecomputing.com, user: FEEDBACK_SVC, role: undefined, database: APP_BACKEND_PROD, schema: COLLECTION, warehouse: COMPUTE_WH, proxy was not configured, password is not provided, region: uk-south.azure, authenticator: SNOWFLAKE_JWT, ocsp mode: FAIL_OPEN, os: win32, os version: 10.0.26200"}
{"level":"INFO","message":"[6:47:30.629 PM]: Connection[id: 48ec54c9-2065-4d0d-b4f8-8199165885a0] additional details: passcode in password is provided, passcode is not provided, private key is provided, application: undefined, client name: snowflake-sdk, client version: 2.4.0, retry timeout: 300, private key path: undefined, private key pass is not provided, client store temporary credential: false, browser response timeout: 120000"}
{"level":"INFO","message":"[6:47:30.629 PM]: Connection[id: 48ec54c9-2065-4d0d-b4f8-8199165885a0] - connection object created successfully."}
{"level":"INFO","message":"[6:47:30.629 PM]: Connection[id: 48ec54c9-2065-4d0d-b4f8-8199165885a0] - async connecting. Associated Snowflake domain: GLOBAL"}
{"level":"INFO","message":"[6:47:30.631 PM]: Connection[id: 48ec54c9-2065-4d0d-b4f8-8199165885a0] - authentication successful using: SNOWFLAKE_JWT"}
{"level":"INFO","message":"[6:47:30.958 PM]: Connection[id: 48ec54c9-2065-4d0d-b4f8-8199165885a0] - connection established successfully after 328.58 milliseconds"}
{"level":"INFO","message":"[6:47:42.080 PM]: Creating new connection object"}
{"level":"INFO","message":"[6:47:42.081 PM]: Creating Connection[id: 09cada70-1097-4d2a-97e8-93cd4ee0c320] with host: ik70694.uk-south.azure.snowflakecomputing.com, account: ik70694, accessUrl: https://ik70694.uk-south.azure.snowflakecomputing.com, user: FEEDBACK_SVC, role: undefined, database: APP_BACKEND_PROD, schema: COLLECTION, warehouse: COMPUTE_WH, proxy was not configured, password is not provided, region: uk-south.azure, authenticator: SNOWFLAKE_JWT, ocsp mode: FAIL_OPEN, os: win32, os version: 10.0.26200"}
{"level":"INFO","message":"[6:47:42.082 PM]: Connection[id: 09cada70-1097-4d2a-97e8-93cd4ee0c320] additional details: passcode in password is provided, passcode is not provided, private key is provided, application: undefined, client name: snowflake-sdk, client version: 2.4.0, retry timeout: 300, private key path: undefined, private key pass is not provided, client store temporary credential: false, browser response timeout: 120000"}
{"level":"INFO","message":"[6:47:42.082 PM]: Connection[id: 09cada70-1097-4d2a-97e8-93cd4ee0c320] - connection object created successfully."}
{"level":"INFO","message":"[6:47:42.082 PM]: Connection[id: 09cada70-1097-4d2a-97e8-93cd4ee0c320] - async connecting. Associated Snowflake domain: GLOBAL"}
{"level":"INFO","message":"[6:47:42.085 PM]: Connection[id: 09cada70-1097-4d2a-97e8-93cd4ee0c320] - authentication successful using: SNOWFLAKE_JWT"}
{"level":"INFO","message":"[6:47:42.668 PM]: Connection[id: 09cada70-1097-4d2a-97e8-93cd4ee0c320] - connection established successfully after 585.14 milliseconds"}
{"level":"INFO","message":"[6:48:25.425 PM]: Creating new connection object"}
{"level":"INFO","message":"[6:48:25.426 PM]: Creating Connection[id: 6492f904-6d57-4e2f-8f7b-7446f7994655] with host: ik70694.uk-south.azure.snowflakecomputing.com, account: ik70694, accessUrl: https://ik70694.uk-south.azure.snowflakecomputing.com, user: FEEDBACK_SVC, role: undefined, database: APP_BACKEND_PROD, schema: COLLECTION, warehouse: COMPUTE_WH, proxy was not configured, password is not provided, region: uk-south.azure, authenticator: SNOWFLAKE_JWT, ocsp mode: FAIL_OPEN, os: win32, os version: 10.0.26200"}
{"level":"INFO","message":"[6:48:25.427 PM]: Connection[id: 6492f904-6d57-4e2f-8f7b-7446f7994655] additional details: passcode in password is provided, passcode is not provided, private key is provided, application: undefined, client name: snowflake-sdk, client version: 2.4.0, retry timeout: 300, private key path: undefined, private key pass is not provided, client store temporary credential: false, browser response timeout: 120000"}
{"level":"INFO","message":"[6:48:25.427 PM]: Connection[id: 6492f904-6d57-4e2f-8f7b-7446f7994655] - connection object created successfully."}
{"level":"INFO","message":"[6:48:25.427 PM]: Connection[id: 6492f904-6d57-4e2f-8f7b-7446f7994655] - async connecting. Associated Snowflake domain: GLOBAL"}
{"level":"INFO","message":"[6:48:25.433 PM]: Connection[id: 6492f904-6d57-4e2f-8f7b-7446f7994655] - authentication successful using: SNOWFLAKE_JWT"}
{"level":"INFO","message":"[6:48:25.493 PM]: Connection[id: 6492f904-6d57-4e2f-8f7b-7446f7994655] - connection established successfully after 65.82 milliseconds"}
{"level":"INFO","message":"[6:49:06.154 PM]: Creating new connection object"}
{"level":"INFO","message":"[6:49:06.155 PM]: Creating Connection[id: 12910643-6ca3-4ca6-9f54-acbd1c4939a1] with host: ik70694.uk-south.azure.snowflakecomputing.com, account: ik70694, accessUrl: https://ik70694.uk-south.azure.snowflakecomputing.com, user: FEEDBACK_SVC, role: undefined, database: APP_BACKEND_PROD, schema: COLLECTION, warehouse: COMPUTE_WH, proxy was not configured, password is not provided, region: uk-south.azure, authenticator: SNOWFLAKE_JWT, ocsp mode: FAIL_OPEN, os: win32, os version: 10.0.26200"}
{"level":"INFO","message":"[6:49:06.155 PM]: Connection[id: 12910643-6ca3-4ca6-9f54-acbd1c4939a1] additional details: passcode in password is provided, passcode is not provided, private key is provided, application: undefined, client name: snowflake-sdk, client version: 2.4.0, retry timeout: 300, private key path: undefined, private key pass is not provided, client store temporary credential: false, browser response timeout: 120000"}
{"level":"INFO","message":"[6:49:06.155 PM]: Connection[id: 12910643-6ca3-4ca6-9f54-acbd1c4939a1] - connection object created successfully."}
{"level":"INFO","message":"[6:49:06.156 PM]: Connection[id: 12910643-6ca3-4ca6-9f54-acbd1c4939a1] - async connecting. Associated Snowflake domain: GLOBAL"}
{"level":"INFO","message":"[6:49:06.159 PM]: Connection[id: 12910643-6ca3-4ca6-9f54-acbd1c4939a1] - authentication successful using: SNOWFLAKE_JWT"}
{"level":"INFO","message":"[6:49:06.228 PM]: Connection[id: 12910643-6ca3-4ca6-9f54-acbd1c4939a1] - connection established successfully after 71.79 milliseconds"}
{"level":"INFO","message":"[6:50:28.546 PM]: Creating new connection object"}
{"level":"INFO","message":"[6:50:28.546 PM]: Creating Connection[id: 7024aad2-446c-465c-9565-77f95877e464] with host: ik70694.uk-south.azure.snowflakecomputing.com, account: ik70694, accessUrl: https://ik70694.uk-south.azure.snowflakecomputing.com, user: FEEDBACK_SVC, role: undefined, database: APP_BACKEND_PROD, schema: COLLECTION, warehouse: COMPUTE_WH, proxy was not configured, password is not provided, region: uk-south.azure, authenticator: SNOWFLAKE_JWT, ocsp mode: FAIL_OPEN, os: win32, os version: 10.0.26200"}
{"level":"INFO","message":"[6:50:28.547 PM]: Connection[id: 7024aad2-446c-465c-9565-77f95877e464] additional details: passcode in password is provided, passcode is not provided, private key is provided, application: undefined, client name: snowflake-sdk, client version: 2.4.0, retry timeout: 300, private key path: undefined, private key pass is not provided, client store temporary credential: false, browser response timeout: 120000"}
{"level":"INFO","message":"[6:50:28.547 PM]: Connection[id: 7024aad2-446c-465c-9565-77f95877e464] - connection object created successfully."}
{"level":"INFO","message":"[6:50:28.547 PM]: Connection[id: 7024aad2-446c-465c-9565-77f95877e464] - async connecting. Associated Snowflake domain: GLOBAL"}
{"level":"INFO","message":"[6:50:28.548 PM]: Connection[id: 7024aad2-446c-465c-9565-77f95877e464] - authentication successful using: SNOWFLAKE_JWT"}
{"level":"INFO","message":"[6:50:28.612 PM]: Connection[id: 7024aad2-446c-465c-9565-77f95877e464] - connection established successfully after 65.31 milliseconds"}
{"level":"INFO","message":"[6:55:00.448 PM]: Creating new connection object"}
{"level":"INFO","message":"[6:55:00.449 PM]: Creating Connection[id: 434a9e0a-6767-420b-bcc2-26623307d0a3] with host: ik70694.uk-south.azure.snowflakecomputing.com, account: ik70694, accessUrl: https://ik70694.uk-south.azure.snowflakecomputing.com, user: FEEDBACK_SVC, role: undefined, database: APP_BACKEND_PROD, schema: COLLECTION, warehouse: COMPUTE_WH, proxy was not configured, password is not provided, region: uk-south.azure, authenticator: SNOWFLAKE_JWT, ocsp mode: FAIL_OPEN, os: win32, os version: 10.0.26200"}
{"level":"INFO","message":"[6:55:00.449 PM]: Connection[id: 434a9e0a-6767-420b-bcc2-26623307d0a3] additional details: passcode in password is provided, passcode is not provided, private key is provided, application: undefined, client name: snowflake-sdk, client version: 2.4.0, retry timeout: 300, private key path: undefined, private key pass is not provided, client store temporary credential: false, browser response timeout: 120000"}
{"level":"INFO","message":"[6:55:00.449 PM]: Connection[id: 434a9e0a-6767-420b-bcc2-26623307d0a3] - connection object created successfully."}
{"level":"INFO","message":"[6:55:00.450 PM]: Connection[id: 434a9e0a-6767-420b-bcc2-26623307d0a3] - async connecting. Associated Snowflake domain: GLOBAL"}
{"level":"INFO","message":"[6:55:00.451 PM]: Connection[id: 434a9e0a-6767-420b-bcc2-26623307d0a3] - authentication successful using: SNOWFLAKE_JWT"}
{"level":"INFO","message":"[6:55:00.625 PM]: Connection[id: 434a9e0a-6767-420b-bcc2-26623307d0a3] - connection established successfully after 174.94 milliseconds"}
{"level":"INFO","message":"[6:55:17.042 PM]: Creating new connection object"}
{"level":"INFO","message":"[6:55:17.042 PM]: Creating Connection[id: 9dd062d3-e2a6-4bdd-abbf-680e30620bcf] with host: ik70694.uk-south.azure.snowflakecomputing.com, account: ik70694, accessUrl: https://ik70694.uk-south.azure.snowflakecomputing.com, user: FEEDBACK_SVC, role: undefined, database: APP_BACKEND_PROD, schema: COLLECTION, warehouse: COMPUTE_WH, proxy was not configured, password is not provided, region: uk-south.azure, authenticator: SNOWFLAKE_JWT, ocsp mode: FAIL_OPEN, os: win32, os version: 10.0.26200"}
{"level":"INFO","message":"[6:55:17.042 PM]: Connection[id: 9dd062d3-e2a6-4bdd-abbf-680e30620bcf] additional details: passcode in password is provided, passcode is not provided, private key is provided, application: undefined, client name: snowflake-sdk, client version: 2.4.0, retry timeout: 300, private key path: undefined, private key pass is not provided, client store temporary credential: false, browser response timeout: 120000"}
{"level":"INFO","message":"[6:55:17.042 PM]: Connection[id: 9dd062d3-e2a6-4bdd-abbf-680e30620bcf] - connection object created successfully."}
{"level":"INFO","message":"[6:55:17.043 PM]: Connection[id: 9dd062d3-e2a6-4bdd-abbf-680e30620bcf] - async connecting. Associated Snowflake domain: GLOBAL"}
{"level":"INFO","message":"[6:55:17.044 PM]: Connection[id: 9dd062d3-e2a6-4bdd-abbf-680e30620bcf] - authentication successful using: SNOWFLAKE_JWT"}
{"level":"INFO","message":"[6:55:17.097 PM]: Connection[id: 9dd062d3-e2a6-4bdd-abbf-680e30620bcf] - connection established successfully after 54.15 milliseconds"}
{"level":"INFO","message":"[6:55:25.092 PM]: Creating new connection object"}
{"level":"INFO","message":"[6:55:25.093 PM]: Creating Connection[id: 965d6994-f376-4519-a7f5-7e2e99425f18] with host: ik70694.uk-south.azure.snowflakecomputing.com, account: ik70694, accessUrl: https://ik70694.uk-south.azure.snowflakecomputing.com, user: FEEDBACK_SVC, role: undefined, database: APP_BACKEND_PROD, schema: COLLECTION, warehouse: COMPUTE_WH, proxy was not configured, password is not provided, region: uk-south.azure, authenticator: SNOWFLAKE_JWT, ocsp mode: FAIL_OPEN, os: win32, os version: 10.0.26200"}
{"level":"INFO","message":"[6:55:25.093 PM]: Connection[id: 965d6994-f376-4519-a7f5-7e2e99425f18] additional details: passcode in password is provided, passcode is not provided, private key is provided, application: undefined, client name: snowflake-sdk, client version: 2.4.0, retry timeout: 300, private key path: undefined, private key pass is not provided, client store temporary credential: false, browser response timeout: 120000"}
{"level":"INFO","message":"[6:55:25.094 PM]: Connection[id: 965d6994-f376-4519-a7f5-7e2e99425f18] - connection object created successfully."}
{"level":"INFO","message":"[6:55:25.095 PM]: Connection[id: 965d6994-f376-4519-a7f5-7e2e99425f18] - async connecting. Associated Snowflake domain: GLOBAL"}
{"level":"INFO","message":"[6:55:25.099 PM]: Connection[id: 965d6994-f376-4519-a7f5-7e2e99425f18] - authentication successful using: SNOWFLAKE_JWT"}
{"level":"INFO","message":"[6:55:25.167 PM]: Connection[id: 965d6994-f376-4519-a7f5-7e2e99425f18] - connection established successfully after 71.71 milliseconds"}
{"level":"INFO","message":"[6:55:57.163 PM]: Creating new connection object"}
{"level":"INFO","message":"[6:55:57.164 PM]: Creating Connection[id: cfe51257-99d5-4a80-87bd-f3f7437cf643] with host: ik70694.uk-south.azure.snowflakecomputing.com, account: ik70694, accessUrl: https://ik70694.uk-south.azure.snowflakecomputing.com, user: FEEDBACK_SVC, role: undefined, database: APP_BACKEND_PROD, schema: COLLECTION, warehouse: COMPUTE_WH, proxy was not configured, password is not provided, region: uk-south.azure, authenticator: SNOWFLAKE_JWT, ocsp mode: FAIL_OPEN, os: win32, os version: 10.0.26200"}
{"level":"INFO","message":"[6:55:57.164 PM]: Connection[id: cfe51257-99d5-4a80-87bd-f3f7437cf643] additional details: passcode in password is provided, passcode is not provided, private key is provided, application: undefined, client name: snowflake-sdk, client version: 2.4.0, retry timeout: 300, private key path: undefined, private key pass is not provided, client store temporary credential: false, browser response timeout: 120000"}
{"level":"INFO","message":"[6:55:57.164 PM]: Connection[id: cfe51257-99d5-4a80-87bd-f3f7437cf643] - connection object created successfully."}
{"level":"INFO","message":"[6:55:57.165 PM]: Connection[id: cfe51257-99d5-4a80-87bd-f3f7437cf643] - async connecting. Associated Snowflake domain: GLOBAL"}
{"level":"INFO","message":"[6:55:57.170 PM]: Connection[id: cfe51257-99d5-4a80-87bd-f3f7437cf643] - authentication successful using: SNOWFLAKE_JWT"}
{"level":"INFO","message":"[6:55:57.223 PM]: Connection[id: cfe51257-99d5-4a80-87bd-f3f7437cf643] - connection established successfully after 58.66 milliseconds"}
{"level":"INFO","message":"[6:56:43.880 PM]: Creating new connection object"}
{"level":"INFO","message":"[6:56:43.881 PM]: Creating Connection[id: ef80538f-411c-4f9e-b5e8-430e49f4fd05] with host: ik70694.uk-south.azure.snowflakecomputing.com, account: ik70694, accessUrl: https://ik70694.uk-south.azure.snowflakecomputing.com, user: FEEDBACK_SVC, role: undefined, database: APP_BACKEND_PROD, schema: COLLECTION, warehouse: COMPUTE_WH, proxy was not configured, password is not provided, region: uk-south.azure, authenticator: SNOWFLAKE_JWT, ocsp mode: FAIL_OPEN, os: win32, os version: 10.0.26200"}
{"level":"INFO","message":"[6:56:43.882 PM]: Connection[id: ef80538f-411c-4f9e-b5e8-430e49f4fd05] additional details: passcode in password is provided, passcode is not provided, private key is provided, application: undefined, client name: snowflake-sdk, client version: 2.4.0, retry timeout: 300, private key path: undefined, private key pass is not provided, client store temporary credential: false, browser response timeout: 120000"}
{"level":"INFO","message":"[6:56:43.883 PM]: Connection[id: ef80538f-411c-4f9e-b5e8-430e49f4fd05] - connection object created successfully."}
{"level":"INFO","message":"[6:56:43.884 PM]: Connection[id: ef80538f-411c-4f9e-b5e8-430e49f4fd05] - async connecting. Associated Snowflake domain: GLOBAL"}
{"level":"INFO","message":"[6:56:43.889 PM]: Connection[id: ef80538f-411c-4f9e-b5e8-430e49f4fd05] - authentication successful using: SNOWFLAKE_JWT"}
{"level":"INFO","message":"[6:56:43.965 PM]: Connection[id: ef80538f-411c-4f9e-b5e8-430e49f4fd05] - connection established successfully after 81.62 milliseconds"}
{"level":"INFO","message":"[6:57:43.915 PM]: Creating new connection object"}
{"level":"INFO","message":"[6:57:43.916 PM]: Creating Connection[id: 977d693c-a81c-4b82-b457-a42dbbaac844] with host: ik70694.uk-south.azure.snowflakecomputing.com, account: ik70694, accessUrl: https://ik70694.uk-south.azure.snowflakecomputing.com, user: FEEDBACK_SVC, role: undefined, database: APP_BACKEND_PROD, schema: COLLECTION, warehouse: COMPUTE_WH, proxy was not configured, password is not provided, region: uk-south.azure, authenticator: SNOWFLAKE_JWT, ocsp mode: FAIL_OPEN, os: win32, os version: 10.0.26200"}
{"level":"INFO","message":"[6:57:43.916 PM]: Connection[id: 977d693c-a81c-4b82-b457-a42dbbaac844] additional details: passcode in password is provided, passcode is not provided, private key is provided, application: undefined, client name: snowflake-sdk, client version: 2.4.0, retry timeout: 300, private key path: undefined, private key pass is not provided, client store temporary credential: false, browser response timeout: 120000"}
{"level":"INFO","message":"[6:57:43.917 PM]: Connection[id: 977d693c-a81c-4b82-b457-a42dbbaac844] - connection object created successfully."}
{"level":"INFO","message":"[6:57:43.917 PM]: Connection[id: 977d693c-a81c-4b82-b457-a42dbbaac844] - async connecting. Associated Snowflake domain: GLOBAL"}
{"level":"INFO","message":"[6:57:43.921 PM]: Connection[id: 977d693c-a81c-4b82-b457-a42dbbaac844] - authentication successful using: SNOWFLAKE_JWT"}
{"level":"INFO","message":"[6:57:44.016 PM]: Connection[id: 977d693c-a81c-4b82-b457-a42dbbaac844] - connection established successfully after 99.48 milliseconds"}
